pID,Run,TrialNum,ImNum,ImCon,CatResponse,CatCorrect,vVerbResponse,VerbCorrect
17,6,337,5,c,36,1,bag,1
17,6,338,8,c,36,1,airplane,1
17,6,339,20,c,35,1,bear,1
17,6,340,5,c,36,1,bag,1
17,6,341,9,c,36,1,teacup,1
17,6,342,5,c,36,1,bag,1
17,6,343,15,c,35,1,ram,1
17,6,344,8,c,36,1,airplane,1
17,6,345,12,c,35,1,penguin,1
17,6,346,9,c,36,1,teacup,1
17,6,347,3,c,36,1,spoon,1
17,6,348,19,c,35,1,elephant,1
17,6,349,5,c,36,1,bag,1
17,6,350,20,c,35,1,bear,1
17,6,351,91,c,35,NaN,,NaN
17,6,352,9,c,36,1,teacup,1
17,6,353,8,c,36,1,airplane,1
17,6,354,20,c,35,1,bear,1
17,6,355,92,c,35,NaN,,NaN
17,6,356,91,c,36,NaN,,NaN
17,6,357,8,c,36,1,airplane,1
17,6,358,12,c,35,1,penguin,1
17,6,359,19,c,35,1,elephant,1
17,6,360,12,c,35,1,penguin,1
17,6,361,91,c,35,NaN,,NaN
17,6,362,5,c,36,1,bag,1
17,6,363,19,c,35,1,elephant,1
17,6,364,7,c,36,1,scissors,1
17,6,365,3,c,36,1,spoon,1
17,6,366,8,c,36,1,airplane,1
17,6,367,15,c,35,1,ram,1
17,6,368,92,c,35,NaN,,NaN
17,6,369,7,c,36,1,scissors,1
17,6,370,91,c,36,NaN,,NaN
17,6,371,20,c,35,1,bear,1
17,6,372,15,c,35,1,ram,1
17,6,373,92,c,35,NaN,,NaN
17,6,374,5,c,36,1,bag,1
17,6,375,3,c,36,1,spoon,1
17,6,376,14,c,35,1,lion,1
17,6,377,9,c,36,1,teacup,1
17,6,378,14,c,35,1,lion,1
17,6,379,19,c,35,1,elephant,1
17,6,380,15,c,35,1,ram,1
17,6,381,12,c,35,1,penguin,1
17,6,382,15,c,35,1,ram,1
17,6,383,19,c,35,1,elephant,1
17,6,384,7,c,36,1,scissors,1
17,6,385,14,c,35,1,lion,1
17,6,386,19,c,35,1,elephant,1
17,6,387,14,c,35,1,lion,1
17,6,388,91,c,36,NaN,,NaN
17,6,389,14,c,35,1,lion,1
17,6,390,20,c,35,1,bear,1
17,6,391,3,c,36,1,spoon,1
17,6,392,20,c,35,1,bear,1
17,6,393,92,c,35,NaN,,NaN
17,6,394,8,c,36,1,airplane,1
17,6,395,14,c,35,1,lion,1
17,6,396,7,c,36,1,scissors,1
17,6,397,92,c,35,NaN,,NaN
17,6,398,7,c,36,1,scissors,1
17,6,399,12,c,35,1,penguin,1
17,6,400,3,c,36,1,spoon,1
17,6,401,12,c,35,1,penguin,1
17,6,402,9,c,36,1,teacup,1
17,6,403,92,c,35,NaN,,NaN
17,6,404,9,c,36,1,teacup,1
17,6,405,91,c,36,NaN,,NaN
17,6,406,3,c,36,1,spoon,1
17,6,407,7,c,36,1,scissors,1
17,6,408,15,c,35,1,ram,1
