0,0.56110976729253,0.959757429182112,0.674696836821655,0.943400167195002,0.631764624565833,0.985553816722405,0.945673583232541,0.954351527092224,0.675693270719115,0.713106033726508,0.965597158740245,0.63450526034605,0.927946025016663,0.952397792565357,0.503241064265847,0.614107081915413,0.560720614367631,0.991368103009404,0.888617206293958,0.935401820313347,0.940439515993642,0.91809052541428,0.931776942869202,0.933501038439664,0.958888494778503,0.914433664599166,0.891620859729204,0.95382417359427,0.982620816255353,0.952304880751662,1.01791982252349,0.974093239507298,0.969679066650307,0.924001020159963,0.956379354382925,0.960633275454205,0.937511817810967,0.909818918586372,0.900744353045098,0.915916974849195,0.921604879802106,0.90341169083492,0.950364815374465,0.891376966900561,0.936598433297496,0.953615646534408,0.938385633909425,0.921410814123123,0.930384247740523,0.952101427278308,0.937146007326308,0.930475809377996,0.935019955673461,0.875247476360122,0.93600064271492,0.920114637921855,0.931898251388984,0.909907515875114,0.903828019667214
0.56110976729253,0,0.939273924306668,0.608866925180114,0.944604390275284,0.544098093948401,0.975259455542195,0.935482748582262,0.950169059711501,0.638727624917036,0.524586158275234,0.949185219658945,0.614578584898003,0.904436609183921,0.943644552285868,0.487082637352298,0.495777138897199,0.539053347753673,0.969555422953162,0.878363605520845,0.933561547763443,0.887553824363545,0.923278980997054,0.92740416948009,0.922037203923177,0.897917973636417,0.912424354984755,0.88156134110347,0.922582150926189,0.930675281919724,0.941408714229158,0.998032926185655,0.91139726010365,0.955475983068536,0.928115901427938,0.917526642446258,0.9354974242576,0.942776272593372,0.913149582962173,0.930427011545362,0.905937623123541,0.961392508133919,0.946928324682663,0.938476913044345,0.938724840832199,0.978119092238442,0.96878436553406,0.936373049215209,0.963641488910787,0.9325619151083,0.938030350480084,0.913960011932659,0.925822034311989,0.926282941910697,0.92251900112605,0.911085602172129,0.8953638911776,0.940049226872894,0.927366702049174,0.915345558070684
0.959757429182112,0.939273924306668,0,0.967523917718498,0.411193556743544,0.957483041544242,0.465159829011951,0.497881025296247,0.531881583919439,0.902549551610341,0.959609683390827,0.615463332965068,0.933051667889977,0.518939940979022,0.513289805755183,0.988070445433027,0.955494581438292,0.951309105326685,0.63771251769921,0.633730949410566,0.922342222584023,0.932577334464201,0.906146995749923,0.945229837153343,0.921328728168823,0.993144950487093,0.934478834144975,0.91457872493925,0.932630941943672,0.953039744883902,0.976050798654894,0.972760445973114,0.950851986910073,0.882311839335575,0.933615771154974,0.981637096763936,0.948067267546534,0.973480574218685,0.900900997126396,0.915007938220105,0.916931900944256,0.918749423783132,0.946403213904458,0.902592768162084,0.895494499776198,0.911948419442202,0.967929874695062,0.941930664934608,0.971777031135027,0.88851949353575,0.953479811825498,0.91237822154281,0.894584558280623,0.907925333595249,0.961609305407738,0.933853083247778,0.891986463244046,0.924090526130604,0.946892367600898,0.949826612029874
0.674696836821655,0.608866925180114,0.967523917718498,0,0.940790080718784,0.625604531928317,0.988849832391999,0.985836773284277,0.939652433564496,0.794965387822494,0.673116557135727,0.944411714280637,0.646884046075839,0.938245178579545,0.976519111816225,0.593855769566741,0.707442488164964,0.664261528123304,1.00229290216615,0.929878029765058,1.00224349417297,0.913332561308995,0.948092775463504,0.941563861042265,0.945721129656546,0.90365181300764,0.884765619145124,0.915769021820625,0.92970135304189,1.00685695396406,0.97759370542742,0.932596969276956,1.03404679875159,1.01525661806971,0.97330451397382,0.9717400336109,0.999492427523071,0.97229615980291,0.878853497533164,0.957327294458254,0.955271872793318,0.996957370027488,0.936279635876566,0.925372112490294,0.944213257348512,0.990157766905219,0.964823475298176,0.959890072008687,0.939588938930633,1.01062508277817,0.996638822591565,0.901413879018884,0.984734916580642,0.938217220807103,0.978841264175024,0.934097251642722,0.963235078164297,0.956067976765619,0.942793136393188,0.943968028178979
0.943400167195002,0.944604390275284,0.411193556743544,0.940790080718784,0,0.942914278544399,0.485226150720224,0.419723927748417,0.536853109972587,0.910228332363656,0.987642684472658,0.609880349737634,0.953785188780184,0.511131391789419,0.429790498669227,0.982455740558103,0.961622305014106,0.969953874030375,0.59448062620057,0.543230370788166,0.898887242547763,0.934064840307186,0.927495433442022,0.92163715515756,0.898096202737311,0.974210683809169,0.893059353176179,0.898059151016276,0.882301664141175,0.922941570925026,0.951220654874922,0.943356567186418,0.891064393883965,0.905886327893456,0.884474847148245,0.963905942478178,0.912622305677082,0.941960757749806,0.87692682455905,0.901471270032667,0.90574431338979,0.891669636779409,0.925129876327931,0.879799159440354,0.887270330204148,0.862999009321989,0.972161801656458,0.914132819833302,0.968217290881245,0.894162450691573,0.972361443413971,0.893931286749954,0.852790216501352,0.889957558927159,0.939616073790884,0.899425642711376,0.921167499789171,0.883587874083637,0.956736565378051,0.936805981568384
0.631764624565833,0.544098093948401,0.957483041544242,0.625604531928317,0.942914278544399,0,0.964849626092577,0.952134704985934,0.920371707322786,0.666726148052139,0.630774563543675,0.975995847245476,0.635623474693888,0.963720043275501,0.950922285625729,0.666341882986187,0.620265367204599,0.614714967840489,0.935671959081693,0.903848676692244,0.982248551656285,0.952126558812784,0.950273705027689,0.949681934332799,0.924673538998205,0.954870720780334,0.928757772680374,0.933927764885191,0.955936780694302,0.966684526154564,0.983222708894663,0.98156393342249,0.99632599887626,0.948626436358756,0.931978609583951,0.956434089748377,0.968685279060675,0.951353815278415,0.936051185428498,0.941819349879382,0.981243052780843,0.989852173942161,0.962960598036468,0.951737765933147,0.95093146554177,0.940334157914039,0.984700939378125,0.927706617037833,0.948043819032373,0.977094081633928,0.992194571245948,0.934624336493165,0.964956150922145,0.964210770850612,0.972549635581385,1.00319482504556,0.953401950119483,0.949187685639664,0.982298132232325,0.951655919108418
0.985553816722405,0.975259455542195,0.465159829011951,0.988849832391999,0.485226150720224,0.964849626092577,0,0.534724255973589,0.640906506090391,0.926888139236983,0.996305349483865,0.632898258768817,0.98669319806593,0.630147963991478,0.527443667474812,1.01105428347182,1.01849220567865,1.03620729549558,0.587674287749115,0.644956254872978,0.944905884354042,0.998846277437259,0.937483538400656,0.985012304561844,0.945680419521014,1.01842254698274,0.899009867402752,0.932982438543796,0.925176010369628,0.974383799579048,0.996569019515109,0.99542566264885,0.933515491647307,0.923580589405932,0.951470640837534,0.960725854260193,1.01279507540526,0.981236211607397,0.935065154889185,0.946119466356134,0.922047298285661,0.927852655876654,1.00784332595021,0.924655261050464,0.953412454843119,0.925826832440929,0.98270768660634,1.03736244841877,1.06209219627005,0.976339995315661,0.962194094637714,0.970874360673413,0.942040863766175,0.973874350070681,1.0186260454549,0.987499564442524,0.975844919297873,0.944291733872759,0.979018889097714,1.00511889364563
0.945673583232541,0.935482748582262,0.497881025296247,0.985836773284277,0.419723927748417,0.952134704985934,0.534724255973589,0,0.521290446675028,0.951021229079921,0.960291455927671,0.656485532234649,0.952265132739397,0.48013808659609,0.44865688218851,0.960625732816071,0.966170491453786,0.991238989410793,0.564537753248557,0.532350705283421,0.908329960257129,0.942428663510925,0.875461847054003,0.956064188137645,0.886230819499333,0.946290483850561,0.937509842467711,0.874763726726561,0.908981956791389,0.932632978177209,0.948015176475103,0.987196905785491,0.887579651879507,0.911468070574311,0.89995924965491,0.972795481086001,0.905383018608171,0.919588080595206,0.888323846255863,0.90129180769344,0.912350686910929,0.903089913345261,0.951286174556612,0.929682671663803,0.914245353662185,0.869291393901099,0.981921916703515,0.932557690861471,1.00639126025694,0.94870460450518,0.931329263195783,0.946808250020966,0.880000927142639,0.905541019321072,0.933943905519314,0.912795221017282,0.923192357311374,0.901593623673058,0.972417806932376,0.973081284772159
0.954351527092224,0.950169059711501,0.531881583919439,0.939652433564496,0.536853109972587,0.920371707322786,0.640906506090391,0.521290446675028,0,0.967347803072363,0.966657961825823,0.658912460336708,0.923953676845453,0.571102834216207,0.523590087517846,0.968020907195525,0.96586375789772,0.965070776047315,0.647095806938272,0.539017507273217,0.972620741092185,0.947943467351631,0.962920969674157,0.903959950529365,0.931621150860111,0.974036199000398,0.949577007694005,0.934370534482241,0.936767230643999,0.944745868310622,0.974069700457056,0.96657542049801,0.919639093561901,0.980828305887357,0.906530583960782,0.978087037926906,0.941164881295716,1.02555940831588,0.949317711542089,0.933327470314613,0.909462495109709,0.956916696289855,0.946080774336144,0.915987109456754,0.928153098848345,0.898012546451028,1.01141092876439,0.977886948007342,0.94729528494774,0.957763305586509,0.978540336386038,0.943095460658648,0.899625536829721,0.954976597309617,0.9595643275446,0.928866759862864,0.901146880072622,0.905344290696426,1.02461442272009,0.97763802213972
0.675693270719115,0.638727624917036,0.902549551610341,0.794965387822494,0.910228332363656,0.666726148052139,0.926888139236983,0.951021229079921,0.967347803072363,0,0.783747567206778,0.925756854504123,0.645972590257612,0.914295731333679,0.950744099213056,0.672694672223205,0.701199459850923,0.637015606816934,0.957904187296004,0.917789188891951,0.987643566628673,0.939741575429766,0.944201627195744,1.02405377013516,0.959673178704419,0.989591426218979,0.961564853959078,0.876749329419874,0.935123789500603,0.941895023621605,0.993769623026287,1.0103656304111,0.978782949047303,0.960335297055531,0.940616333118238,0.961425975152887,0.961251417000316,0.985953994598,0.96197965357976,0.961245397280543,0.922652079548272,0.955647357423416,0.914528883702162,0.956256464324844,0.926146039462323,0.973098086378287,1.02875091442195,0.942755054097578,0.933425449856084,0.914829722209476,0.970586681861169,0.902036860388641,0.95168658276915,0.905430595534066,0.901847043199031,0.988783001472055,0.944267469930987,0.933489569284653,0.950392048038657,0.92816320864837
0.713106033726508,0.524586158275234,0.959609683390827,0.673116557135727,0.987642684472658,0.630774563543675,0.996305349483865,0.960291455927671,0.966657961825823,0.783747567206778,0,0.985528388766277,0.673164311985013,0.974023112202155,0.973594960328965,0.575849774378024,0.625280479791716,0.689998497927852,0.994767787004108,0.8494741604375,0.930284994745571,0.917166786448214,0.982494332388955,0.900199538466726,1.01697935504409,0.967602823755775,0.97246248415174,0.952129795316241,0.990672658272389,0.928334194149563,0.897163268945131,1.04408730365962,0.968505933638952,1.00101638152078,1.0072403608983,0.938453745409606,0.903081325717824,0.915304067013731,1.00716660091729,1.00681756793454,0.922295670808172,0.939673810345667,0.970401896377528,0.984201155576177,0.985578074202079,0.990085559894561,1.00728485835932,0.969816623263049,0.973849488577169,0.970826619337329,0.884844372903474,0.972890510630588,0.930728766800202,0.970318252396478,0.942208456238948,0.922900845091983,0.960379539763376,0.93564034423984,0.96762257978895,0.921287182097953
0.965597158740245,0.949185219658945,0.615463332965068,0.944411714280637,0.609880349737634,0.975995847245476,0.632898258768817,0.656485532234649,0.658912460336708,0.925756854504123,0.985528388766277,0,0.972134734541301,0.687886925587443,0.750795496968793,0.986490273926959,0.964265662891712,0.959473910217408,0.733108912427714,0.743706152948379,0.955563283087136,0.944125709788347,0.946610146276604,0.972736378192343,0.960816099713133,1.01600957098534,0.954247917399127,0.904060551116691,0.948685132352029,0.944131052048935,0.976263362021947,0.961814040208405,0.98472922102864,0.929053223809292,0.921228139516765,0.998736260099612,0.980320906862497,0.976927179509366,0.92735023224581,0.956303745336846,0.942120440422243,0.950543047009743,0.903878247944111,0.933249992409819,0.923490325082424,0.979356967192829,1.00071502504218,0.918829028843265,0.95719893929138,0.966907392411972,0.998268984071268,0.884735396940969,0.928604215979005,0.900383883088272,0.953237064569279,0.92532650666686,0.919606767451427,0.959068105065154,0.934120779977521,0.9492359871678
0.63450526034605,0.614578584898003,0.933051667889977,0.646884046075839,0.953785188780184,0.635623474693888,0.98669319806593,0.952265132739397,0.923953676845453,0.645972590257612,0.673164311985013,0.972134734541301,0,0.899803665628986,0.955282213522745,0.626917432931591,0.703478928785848,0.677324606079531,0.919330307869533,0.873261103227844,0.964475805149653,0.905389084706034,0.938513412820971,0.96102166265205,0.932024071993515,0.95137321320945,0.93676230032595,0.896850154452017,0.968153482653448,0.988794942787643,0.935098033868413,0.965048791230421,0.964490249834708,1.00338451555875,0.975166783397137,0.937544352287715,0.94012067714677,0.930150231781565,0.946830002991963,0.942620531945332,0.975422918050045,0.957693129939912,0.944276889745104,0.959356364987622,0.928685715014504,0.978224545770049,0.976885571405847,0.958170120395626,0.971744081289482,0.926014409536946,0.991994955259315,0.937165961093894,0.928830094085758,0.951605090231324,0.956973662820729,0.927877125874797,0.921532187487006,0.966270513375259,0.978273467077068,0.95069307367754
0.927946025016663,0.904436609183921,0.518939940979022,0.938245178579545,0.511131391789419,0.963720043275501,0.630147963991478,0.48013808659609,0.571102834216207,0.914295731333679,0.974023112202155,0.687886925587443,0.899803665628986,0,0.521138269983911,0.916188551028184,0.93280082852342,0.976427875098113,0.670576610422546,0.570514783048106,0.894353233983982,0.918258229984997,0.860938959324314,0.95287924982388,0.858236002441975,0.930278160360211,0.905189571208448,0.860959326868664,0.896503691654102,0.902993523548812,0.943486692192788,0.978360249891724,0.888977518949593,0.9088803215035,0.907500507940368,0.939451897800913,0.906027527829705,0.940813758950741,0.881394898547842,0.872430381890339,0.859987250507103,0.862178151959249,0.910258569828742,0.90691890702903,0.87300536564732,0.899577707619103,0.967573434133944,0.904402428537738,0.943973958333635,0.894678451448873,0.912982185910969,0.925831476243294,0.880463607782457,0.865363549756799,0.923545977177016,0.877266744032034,0.865722165896149,0.885253615514122,0.993350563836737,0.927461307185711
0.952397792565357,0.943644552285868,0.513289805755183,0.976519111816225,0.429790498669227,0.950922285625729,0.527443667474812,0.44865688218851,0.523590087517846,0.950744099213056,0.973594960328965,0.750795496968793,0.955282213522745,0.521138269983911,0,0.940592957186076,0.954118366905494,0.977788223009395,0.647810804141215,0.434152672288269,0.911250765986437,0.997435029000201,0.91117005128886,0.93930238504245,0.920479621180218,0.959231704879426,0.892524219417879,0.883160001169238,0.882903052895723,0.949181749219002,0.950695432851026,0.952417184218228,0.912235919409961,0.920647149497732,0.874135516297222,0.953281977034536,0.926711647719121,0.979207177651051,0.943531251122752,0.88987011559027,0.915491806018117,0.900835787220595,0.936056395361272,0.943379523076158,0.94018324567148,0.884800119858429,0.996627141061276,0.935271979142435,0.960505746536841,0.921397781391543,0.918417102133508,0.958027428545245,0.829508861481258,0.937347367704813,0.940935110126339,0.925191619587046,0.917971409591753,0.868087434663304,0.98801469301269,0.967759133230113
0.503241064265847,0.487082637352298,0.988070445433027,0.593855769566741,0.982455740558103,0.666341882986187,1.01105428347182,0.960625732816071,0.968020907195525,0.672694672223205,0.575849774378024,0.986490273926959,0.626917432931591,0.916188551028184,0.940592957186076,0,0.58638454075606,0.610856896664517,0.958970821201606,0.850586328526,0.930029818033517,0.90238234237088,0.904672925335253,0.920612588172698,0.856029847268337,0.908267380775867,0.902293091021999,0.91494192485678,0.936094843730968,0.945642834049259,0.923391941660381,0.990195588960512,0.964870390331421,0.952921705723141,0.89473876822339,0.941539717922311,0.94620348408745,0.927113563641213,0.881110011045466,0.914363760591828,0.90915847826297,0.929679618922431,0.906543338504871,0.944630050005479,0.945732430627191,0.968898823839416,0.937220202879272,0.924698957299154,0.91321991041837,0.950933771005575,0.93477068519622,0.909963732297408,0.92483471946889,0.966528796601894,0.87549579414418,0.856317692396561,0.912997216638386,0.910960066588026,0.90593072433555,0.883839260523547
0.614107081915413,0.495777138897199,0.955494581438292,0.707442488164964,0.961622305014106,0.620265367204599,1.01849220567865,0.966170491453786,0.96586375789772,0.701199459850923,0.625280479791716,0.964265662891712,0.703478928785848,0.93280082852342,0.954118366905494,0.58638454075606,0,0.543736297684517,0.981862306681726,0.882359956371424,0.949902285124911,0.922598162009287,0.973097139060497,0.972323195325533,0.954461096758679,0.912130221105837,0.965745177646989,0.951027450900533,0.980653330484531,0.97147112426029,0.95645269977624,1.00147216175303,0.944435252197556,0.937336188334368,0.999875562700058,0.939775450643571,0.964742535841644,0.951018901643154,0.958655735706404,0.955012577607403,0.982394496007022,0.993351710292775,0.942593587829161,0.978778951791098,0.949602832757776,1.00555272546568,0.995468432761643,0.953302746913714,0.967852084244471,0.98880573382695,0.984625124848119,0.942052867029134,0.963510014117995,0.960143132568557,0.926012768105895,0.962394553182192,0.937010899875079,0.957684475677764,0.956050050884341,0.96377668654091
0.560720614367631,0.539053347753673,0.951309105326685,0.664261528123304,0.969953874030375,0.614714967840489,1.03620729549558,0.991238989410793,0.965070776047315,0.637015606816934,0.689998497927852,0.959473910217408,0.677324606079531,0.976427875098113,0.977788223009395,0.610856896664517,0.543736297684517,0,0.977965224625141,0.939799283532742,0.93111515497877,0.917743000073813,0.929485274400718,0.97444163441304,0.933859250818067,0.921647824506937,0.892588801872154,0.906760368777521,0.919285371597148,0.939208239943644,0.93215965268048,0.972905646529568,0.967315838369202,0.955520712063014,0.932004518256419,0.958142092628999,0.967484671647491,0.934335214400925,0.916841588482276,0.912337727233449,0.9513026724493,0.969211694741963,0.932824182830725,0.900545645857216,0.936615410271208,0.928652146908803,0.988786398175804,0.950884903451649,0.90840160729568,0.953925456738558,0.975149769489747,0.920919401427001,0.966554381163225,0.970409515208484,0.898522570179258,0.915137316462783,0.915887488126598,0.933072499351053,0.928726031336609,0.933565262723643
0.991368103009404,0.969555422953162,0.63771251769921,1.00229290216615,0.59448062620057,0.935671959081693,0.587674287749115,0.564537753248557,0.647095806938272,0.957904187296004,0.994767787004108,0.733108912427714,0.919330307869533,0.670576610422546,0.647810804141215,0.958970821201606,0.981862306681726,0.977965224625141,0,0.608006354366726,0.933778772743003,0.947561987154207,0.919358274944347,0.937451049044148,0.891352180798262,0.971703076744217,0.959712517816066,0.962098897589848,0.944142341400633,0.966049109093648,0.975579501739513,1.00558500484662,0.940525416079627,0.922233767411396,0.940367326086859,0.951215241419734,0.907642523676983,0.932837695811148,0.90506197386175,0.918978646250946,0.951913611397037,0.97069031266822,0.968326304067201,0.980900922954136,0.9282921175187,0.957273220778621,0.958622678886261,0.951195295218721,1.02247389945448,0.977333573037387,1.00929696397507,0.96586585247569,0.913882592922221,0.9196171890876,0.97844970879697,0.992904468975399,0.93667292990779,0.957524433966146,0.928569251879792,0.974737435779546
0.888617206293958,0.878363605520845,0.633730949410566,0.929878029765058,0.543230370788166,0.903848676692244,0.644956254872978,0.532350705283421,0.539017507273217,0.917789188891951,0.8494741604375,0.743706152948379,0.873261103227844,0.570514783048106,0.434152672288269,0.850586328526,0.882359956371424,0.939799283532742,0.608006354366726,0,0.912423848448203,0.919193136556219,0.91471276625505,0.902883387331292,0.875872149530309,0.944281429259762,0.909167118012041,0.935309459905568,0.89663400765854,0.903188993674956,0.893554814737958,0.965936961282045,0.905534339664142,0.962273377495223,0.848611708524205,0.92502256900811,0.898441662113563,0.934496137528808,0.914472269155612,0.882046528620813,0.925320022386247,0.942027782645626,0.904242133811394,0.954593507941127,0.95203375964749,0.935022827218692,0.952975128312163,0.922411171473219,0.963319844036313,0.9534962648292,0.923929663938159,0.943428422386304,0.889423629903112,0.916850509367071,0.942654904673763,0.885105957815616,0.936915257062719,0.879654456027879,0.962475757878983,0.937994132780012
0.935401820313347,0.933561547763443,0.922342222584023,1.00224349417297,0.898887242547763,0.982248551656285,0.944905884354042,0.908329960257129,0.972620741092185,0.987643566628673,0.930284994745571,0.955563283087136,0.964475805149653,0.894353233983982,0.911250765986437,0.930029818033517,0.949902285124911,0.93111515497877,0.933778772743003,0.912423848448203,0,0.577310141778475,0.955398572351627,0.547243841620286,0.967495119023541,0.772177636821805,0.936100504420446,0.900355740208568,0.966503700892594,0.517192223357303,0.558771808764422,1.01060895045907,0.541271589750098,0.974324885530574,0.938465146428408,0.507031163575782,0.544703311994488,0.539323186869554,0.923547278486018,0.948180977012717,0.958162271297312,0.916614205024829,0.944522138360914,1.02787585770455,0.887700206997715,0.945636455156256,1.02022621661704,0.932582830498426,0.966507876582105,0.993282073881599,0.968271016786757,0.97039350610556,0.882768824606082,0.943977123865955,0.940669243564843,0.945901776969722,0.95399443302589,0.909233588776744,0.953278763169424,0.941603885943315
0.940439515993642,0.887553824363545,0.932577334464201,0.913332561308995,0.934064840307186,0.952126558812784,0.998846277437259,0.942428663510925,0.947943467351631,0.939741575429766,0.917166786448214,0.944125709788347,0.905389084706034,0.918258229984997,0.997435029000201,0.90238234237088,0.922598162009287,0.917743000073813,0.947561987154207,0.919193136556219,0.577310141778475,0,0.942185737597313,0.533213606049065,0.90931400715468,0.599723205507002,0.91712298470318,0.885498814772865,0.894552561805638,0.46339718607,0.438671921048738,0.983843356204419,0.699490086845129,0.946938332991457,0.909818937956108,0.468917509518301,0.515719525950339,0.552287159714415,0.865465142184012,0.916206331240316,0.954215868835243,0.940343859065626,0.978547701620479,0.959138015903854,0.934872625044516,0.957731351029117,1.0102749020927,0.943811027473137,0.970469144660994,0.940334565309726,0.951772220973547,0.936719961429525,0.931284857517784,0.952430866434607,0.949791288504261,0.920694463934446,0.918096276310703,0.908255790190566,0.992417741453272,0.939403761816577
0.91809052541428,0.923278980997054,0.906146995749923,0.948092775463504,0.927495433442022,0.950273705027689,0.937483538400656,0.875461847054003,0.962920969674157,0.944201627195744,0.982494332388955,0.946610146276604,0.938513412820971,0.860938959324314,0.91117005128886,0.904672925335253,0.973097139060497,0.929485274400718,0.919358274944347,0.91471276625505,0.955398572351627,0.942185737597313,0,0.975001169870133,0.586877524803341,0.956023943856994,0.651581091546489,0.574870182623489,0.573233691190422,0.972932638748841,0.908197496611126,0.746729938213019,0.964337296306683,0.623619246816148,0.619767873034063,0.924607744898747,0.94208434692454,0.896249446655946,0.557210196313614,0.530332139335305,0.980268477719396,0.882509054443525,0.909523536297491,0.942085831559166,0.949572136409247,0.957510394665211,0.943415338278234,0.927874348278442,1.0041005616797,0.938203569338032,0.922289105931141,0.936620168403493,0.87359967956453,0.855442417444325,0.967822769793176,0.896346200886634,0.973770980664766,0.911289598902904,0.913833712034037,0.924097366611848
0.931776942869202,0.92740416948009,0.945229837153343,0.941563861042265,0.92163715515756,0.949681934332799,0.985012304561844,0.956064188137645,0.903959950529365,1.02405377013516,0.900199538466726,0.972736378192343,0.96102166265205,0.95287924982388,0.93930238504245,0.920612588172698,0.972323195325533,0.97444163441304,0.937451049044148,0.902883387331292,0.547243841620286,0.533213606049065,0.975001169870133,0,0.91775002893577,0.672916552251485,0.908631941339227,0.871352731990765,0.928996667333971,0.486522021851526,0.565237150963998,0.975669003475284,0.71873394516124,0.980989313268345,0.918672808611923,0.549750425115622,0.516087090654023,0.616639840488189,0.905430590585257,0.905206703848962,0.961729185338031,0.967471196294069,0.969890377400167,0.931132482944397,0.914006578752161,0.963408762049916,0.936202015138281,0.953513365854849,0.939401706528805,0.995413372797245,0.937841166209501,0.959545473603862,0.920640504897629,0.934035680030498,0.939856598176206,0.917591760955107,0.981090975926251,0.940859809097382,0.961896652355854,0.935951231512995
0.933501038439664,0.922037203923177,0.921328728168823,0.945721129656546,0.898096202737311,0.924673538998205,0.945680419521014,0.886230819499333,0.931621150860111,0.959673178704419,1.01697935504409,0.960816099713133,0.932024071993515,0.858236002441975,0.920479621180218,0.856029847268337,0.954461096758679,0.933859250818067,0.891352180798262,0.875872149530309,0.967495119023541,0.90931400715468,0.586877524803341,0.91775002893577,0,0.94591195444593,0.649886028812112,0.582534356722076,0.57056361428019,0.916759705044747,0.923229567572136,0.632043681724489,0.960758331470281,0.454857111775347,0.557735826592043,0.897685724415671,0.952056345353557,0.884512932383361,0.487093806870511,0.499355687007594,0.921336080115431,0.897442293069389,0.873318240526753,0.860514428768764,0.88586386995435,0.938791295479062,0.936612756240241,0.881980315726695,0.885354969395048,0.879536042000094,0.916455453990647,0.918187354929679,0.904537578116377,0.934270438499646,0.902174694511666,0.878336750546889,0.915009100630763,0.879619674750622,0.907761313113797,0.904581354401334
0.958888494778503,0.897917973636417,0.993144950487093,0.90365181300764,0.974210683809169,0.954870720780334,1.01842254698274,0.946290483850561,0.974036199000398,0.989591426218979,0.967602823755775,1.01600957098534,0.95137321320945,0.930278160360211,0.959231704879426,0.908267380775867,0.912130221105837,0.921647824506937,0.971703076744217,0.944281429259762,0.772177636821805,0.599723205507002,0.956023943856994,0.672916552251485,0.94591195444593,0,0.919370407766337,0.92416153794392,0.909405254939669,0.729895041253419,0.564413553743848,0.93804691096182,0.733240225614227,0.977130770859102,0.907957060733884,0.720690299922697,0.662710842303168,0.687091371603236,0.897714692720654,0.940004245995674,0.985074831013854,0.991831545419211,1.01329674221974,1.00253579720864,1.00530351655964,0.922642240517183,0.972258316288322,1.01133683380633,1.03174996548962,1.0046165368582,0.983502807907295,1.01880888548541,0.925171734938357,1.02581924760524,0.985744337767102,0.959108899463631,0.99211677574476,0.927986809938325,1.05156177663574,1.01990053341146
0.914433664599166,0.912424354984755,0.934478834144975,0.884765619145124,0.893059353176179,0.928757772680374,0.899009867402752,0.937509842467711,0.949577007694005,0.961564853959078,0.97246248415174,0.954247917399127,0.93676230032595,0.905189571208448,0.892524219417879,0.902293091021999,0.965745177646989,0.892588801872154,0.959712517816066,0.909167118012041,0.936100504420446,0.91712298470318,0.651581091546489,0.908631941339227,0.649886028812112,0.919370407766337,0,0.576851654860652,0.582315834605227,0.92067354029103,0.919238544393371,0.604896240315422,0.938287367611432,0.645330590378246,0.57457591610963,0.921728181998036,0.950146772576342,0.931958576008589,0.585919496200375,0.664104707404188,0.950223707844772,0.918773860311575,0.913506302198583,0.894472066875021,0.955614206490177,0.878955115873886,0.952881321374576,0.934048001861264,0.90883216009055,0.950022797576708,0.937972967138197,0.935767536568413,0.908620881819042,0.923926625345954,0.9036496130651,0.875315080292861,0.927403760174069,0.877890148780229,0.920041479556524,0.908132935063266
0.891620859729204,0.88156134110347,0.91457872493925,0.915769021820625,0.898059151016276,0.933927764885191,0.932982438543796,0.874763726726561,0.934370534482241,0.876749329419874,0.952129795316241,0.904060551116691,0.896850154452017,0.860959326868664,0.883160001169238,0.91494192485678,0.951027450900533,0.906760368777521,0.962098897589848,0.935309459905568,0.900355740208568,0.885498814772865,0.574870182623489,0.871352731990765,0.582534356722076,0.92416153794392,0.576851654860652,0,0.51079745827376,0.867049973267576,0.878407032439315,0.735964077686542,0.897331781099225,0.533776457185976,0.528923496969629,0.89950609293372,0.895012830137722,0.898140982241683,0.541608566529485,0.553730418554331,0.958493185612865,0.842245369053695,0.956705284300828,0.921062074141294,0.916527136479503,0.944264056816524,0.994192253114648,0.925415304824845,0.954829849729768,0.909410714100329,0.9311439677724,0.979253688606587,0.926289863743425,0.921779992256751,0.933792649313505,0.948938200992927,0.943065755850412,0.873874395668434,0.980359451944147,0.948926720559397
0.95382417359427,0.922582150926189,0.932630941943672,0.92970135304189,0.882301664141175,0.955936780694302,0.925176010369628,0.908981956791389,0.936767230643999,0.935123789500603,0.990672658272389,0.948685132352029,0.968153482653448,0.896503691654102,0.882903052895723,0.936094843730968,0.980653330484531,0.919285371597148,0.944142341400633,0.89663400765854,0.966503700892594,0.894552561805638,0.573233691190422,0.928996667333971,0.57056361428019,0.909405254939669,0.582315834605227,0.51079745827376,0,0.921356556598997,0.923604122680029,0.66047264854017,0.951796468378914,0.627558313057456,0.559259886206877,0.919515246884609,0.933157469857129,0.936485001127863,0.476724795804641,0.640729174741841,1.01995904031639,0.921629060725889,0.971947695030632,0.930585566159288,0.990809403785827,0.99632646544877,0.999848064296056,1.01093547819326,1.00159632257793,1.01039574457783,1.00579658520576,0.995515512593807,0.927850221793048,0.964933255027026,0.963782699854637,0.891789163228382,0.924527149824444,0.931184341430003,1.01086853899014,1.01287671758665
0.982620816255353,0.930675281919724,0.953039744883902,1.00685695396406,0.922941570925026,0.966684526154564,0.974383799579048,0.932632978177209,0.944745868310622,0.941895023621605,0.928334194149563,0.944131052048935,0.988794942787643,0.902993523548812,0.949181749219002,0.945642834049259,0.97147112426029,0.939208239943644,0.966049109093648,0.903188993674956,0.517192223357303,0.46339718607,0.972932638748841,0.486522021851526,0.916759705044747,0.729895041253419,0.92067354029103,0.867049973267576,0.921356556598997,0,0.578703181982296,0.994081773749756,0.577815938590755,0.941476928921112,0.895067680174392,0.481149307634433,0.531781021450446,0.68033915574347,0.915994547229716,0.895409364815602,0.965829229508895,0.922499170553038,0.929376476444244,0.974150460019793,0.87386123329031,0.973531876423994,0.998319024846719,0.905741456077703,0.933103778247767,0.945534085874196,0.966587115235836,0.953739475010273,0.939910226378093,0.920746210251824,0.932645476273585,0.955972844558553,0.948718374715415,0.936447710834854,0.951511557670104,0.917727323175521
0.952304880751662,0.941408714229158,0.976050798654894,0.97759370542742,0.951220654874922,0.983222708894663,0.996569019515109,0.948015176475103,0.974069700457056,0.993769623026287,0.897163268945131,0.976263362021947,0.935098033868413,0.943486692192788,0.950695432851026,0.923391941660381,0.95645269977624,0.93215965268048,0.975579501739513,0.893554814737958,0.558771808764422,0.438671921048738,0.908197496611126,0.565237150963998,0.923229567572136,0.564413553743848,0.919238544393371,0.878407032439315,0.923604122680029,0.578703181982296,0,0.977039144458402,0.672591959851649,0.952446971991005,0.872330463700627,0.552913359992215,0.52382377968184,0.466865308546906,0.903993838405146,0.89053073708987,0.983526877198666,0.913952354498618,0.958657121474502,0.952243987761294,0.959947731195799,0.937977918193434,0.982156822158277,0.94543560695848,0.977384656349171,0.957072445126496,0.914206510428523,0.964772372551425,0.87874307481743,0.952215408003261,0.950401913400602,0.877709969974298,0.935956440678999,0.898043368705303,0.954137174817824,0.950180616127694
1.01791982252349,0.998032926185655,0.972760445973114,0.932596969276956,0.943356567186418,0.98156393342249,0.99542566264885,0.987196905785491,0.96657542049801,1.0103656304111,1.04408730365962,0.961814040208405,0.965048791230421,0.978360249891724,0.952417184218228,0.990195588960512,1.00147216175303,0.972905646529568,1.00558500484662,0.965936961282045,1.01060895045907,0.983843356204419,0.746729938213019,0.975669003475284,0.632043681724489,0.93804691096182,0.604896240315422,0.735964077686542,0.66047264854017,0.994081773749756,0.977039144458402,0,0.996762654204936,0.589738532630543,0.631688031047993,0.994839165138884,0.950039460825422,1.0103276535829,0.648306296414114,0.677909447573568,0.981305961628401,0.968986420313342,0.923189050656715,0.916686698091486,0.94454424351098,0.982450258409328,0.963905471502121,0.952044591294517,0.909208847003626,0.995029880061792,0.972616951837053,0.917067035690071,0.972645765055665,0.924277722579628,0.964211977681147,0.8806473158407,0.956379313035197,0.995961407012166,0.965759593036963,0.946534859571601
0.974093239507298,0.91139726010365,0.950851986910073,1.03404679875159,0.891064393883965,0.99632599887626,0.933515491647307,0.887579651879507,0.919639093561901,0.978782949047303,0.968505933638952,0.98472922102864,0.964490249834708,0.888977518949593,0.912235919409961,0.964870390331421,0.944435252197556,0.967315838369202,0.940525416079627,0.905534339664142,0.541271589750098,0.699490086845129,0.964337296306683,0.71873394516124,0.960758331470281,0.733240225614227,0.938287367611432,0.897331781099225,0.951796468378914,0.577815938590755,0.672591959851649,0.996762654204936,0,0.955765705709178,0.955200524884682,0.645882314648226,0.590658069180084,0.714238758321232,0.942111530972346,0.939931646519739,0.92894885386731,0.899948232026904,0.962221114151297,1.00984699053381,0.939882120474274,0.941368705111253,0.976271327392919,0.944529872678993,1.01943181109338,0.963978814451692,0.954927977361374,1.01151729681818,0.870232576542539,0.995554959343417,0.960609823729678,0.971996786996799,0.939274684785281,0.918872017498707,0.970346877603885,0.971457969178871
0.969679066650307,0.955475983068536,0.882311839335575,1.01525661806971,0.905886327893456,0.948626436358756,0.923580589405932,0.911468070574311,0.980828305887357,0.960335297055531,1.00101638152078,0.929053223809292,1.00338451555875,0.9088803215035,0.920647149497732,0.952921705723141,0.937336188334368,0.955520712063014,0.922233767411396,0.962273377495223,0.974324885530574,0.946938332991457,0.623619246816148,0.980989313268345,0.454857111775347,0.977130770859102,0.645330590378246,0.533776457185976,0.627558313057456,0.941476928921112,0.952446971991005,0.589738532630543,0.955765705709178,0,0.597862011617698,0.936628039247356,0.943464487470861,0.909344920318285,0.543060978379194,0.549443984494039,0.974702705520467,0.925223636942102,0.924129889604726,0.941330128110963,0.891945462465085,0.940037989572513,0.987592430573861,0.923753471876993,0.924960983278354,0.886675719489303,0.941372227719928,0.921365478255716,0.937166530013061,0.903365190806321,0.92567377030606,0.962381572701387,0.965468454274595,0.936856642855759,0.912717146757184,0.932200071820812
0.924001020159963,0.928115901427938,0.933615771154974,0.97330451397382,0.884474847148245,0.931978609583951,0.951470640837534,0.89995924965491,0.906530583960782,0.940616333118238,1.0072403608983,0.921228139516765,0.975166783397137,0.907500507940368,0.874135516297222,0.89473876822339,0.999875562700058,0.932004518256419,0.940367326086859,0.848611708524205,0.938465146428408,0.909818937956108,0.619767873034063,0.918672808611923,0.557735826592043,0.907957060733884,0.57457591610963,0.528923496969629,0.559259886206877,0.895067680174392,0.872330463700627,0.631688031047993,0.955200524884682,0.597862011617698,0,0.921909778393787,0.912292447755314,0.885389831657383,0.554144328529164,0.659660696321325,0.965713879762291,0.913178780782199,0.885416431230885,0.890711702657341,0.939078029705899,0.937442874347903,0.975492800472483,0.90665890444428,0.94481464665576,0.966658067749597,0.928317167871232,0.928581255897077,0.898501425381893,0.923692447257223,0.874754807124127,0.864858340887333,0.956284357041727,0.889142989095717,0.892515998831586,0.917686772070121
0.956379354382925,0.917526642446258,0.981637096763936,0.9717400336109,0.963905942478178,0.956434089748377,0.960725854260193,0.972795481086001,0.978087037926906,0.961425975152887,0.938453745409606,0.998736260099612,0.937544352287715,0.939451897800913,0.953281977034536,0.941539717922311,0.939775450643571,0.958142092628999,0.951215241419734,0.92502256900811,0.507031163575782,0.468917509518301,0.924607744898747,0.549750425115622,0.897685724415671,0.720690299922697,0.921728181998036,0.89950609293372,0.919515246884609,0.481149307634433,0.552913359992215,0.994839165138884,0.645882314648226,0.936628039247356,0.921909778393787,0,0.586707417590207,0.464717745315633,0.868590351680011,0.860627883915597,0.960460934436258,0.91613432089056,0.965326465911911,0.951389183195375,0.935976369856445,0.948683014936402,1.01209280305945,0.995394234945856,0.979067888662937,0.954638651586548,0.927259524751313,0.969587749267041,0.903430033608129,0.938825125113277,0.964566743687883,0.903315294245236,0.922798128886171,0.903865645472084,1.00973815208482,0.94680480546337
0.960633275454205,0.9354974242576,0.948067267546534,0.999492427523071,0.912622305677082,0.968685279060675,1.01279507540526,0.905383018608171,0.941164881295716,0.961251417000316,0.903081325717824,0.980320906862497,0.94012067714677,0.906027527829705,0.926711647719121,0.94620348408745,0.964742535841644,0.967484671647491,0.907642523676983,0.898441662113563,0.544703311994488,0.515719525950339,0.94208434692454,0.516087090654023,0.952056345353557,0.662710842303168,0.950146772576342,0.895012830137722,0.933157469857129,0.531781021450446,0.52382377968184,0.950039460825422,0.590658069180084,0.943464487470861,0.912292447755314,0.586707417590207,0,0.57200527810462,0.943576515079183,0.942539470046065,0.916586711914142,0.904906121970161,0.951594618312605,0.962480833264714,0.890068093831428,0.926660563754372,0.995732091127928,0.905612149511645,0.92653216797424,0.948450418754337,0.9258969859472,0.934441244261425,0.907467707850635,0.900300370902025,0.952434015169428,0.905447221277312,0.927385768190306,0.922275492681081,0.939314116938246,0.903166250759428
0.937511817810967,0.942776272593372,0.973480574218685,0.97229615980291,0.941960757749806,0.951353815278415,0.981236211607397,0.919588080595206,1.02555940831588,0.985953994598,0.915304067013731,0.976927179509366,0.930150231781565,0.940813758950741,0.979207177651051,0.927113563641213,0.951018901643154,0.934335214400925,0.932837695811148,0.934496137528808,0.539323186869554,0.552287159714415,0.896249446655946,0.616639840488189,0.884512932383361,0.687091371603236,0.931958576008589,0.898140982241683,0.936485001127863,0.68033915574347,0.466865308546906,1.0103276535829,0.714238758321232,0.909344920318285,0.885389831657383,0.464717745315633,0.57200527810462,0,0.853514657490826,0.872180577048623,0.950103886494256,0.891488905878628,0.941143422474453,0.995228418135259,0.910422720005996,0.922356490313683,0.957910674477316,0.932991868857179,0.95837264437077,0.940375667200175,0.941175035303459,0.945923220534037,0.873978063675556,0.949420044906423,0.929431170439961,0.893544879186633,0.94879480478689,0.891508544446905,0.918023886479567,0.919362541040274
0.909818918586372,0.913149582962173,0.900900997126396,0.878853497533164,0.87692682455905,0.936051185428498,0.935065154889185,0.888323846255863,0.949317711542089,0.96197965357976,1.00716660091729,0.92735023224581,0.946830002991963,0.881394898547842,0.943531251122752,0.881110011045466,0.958655735706404,0.916841588482276,0.90506197386175,0.914472269155612,0.923547278486018,0.865465142184012,0.557210196313614,0.905430590585257,0.487093806870511,0.897714692720654,0.585919496200375,0.541608566529485,0.476724795804641,0.915994547229716,0.903993838405146,0.648306296414114,0.942111530972346,0.543060978379194,0.554144328529164,0.868590351680011,0.943576515079183,0.853514657490826,0,0.530751269382311,0.934896244934576,0.894034473624086,0.926827456849547,0.883945854549828,0.923648308419125,0.947676246590252,0.972916420973773,0.963426003877543,0.990863289167667,0.915343307097315,0.970636546202921,0.916022927881957,0.892653197577757,0.924697536263521,0.914938185372138,0.891220974773826,0.924187987136322,0.884945415307475,0.922150490444744,0.955285416450329
0.900744353045098,0.930427011545362,0.915007938220105,0.957327294458254,0.901471270032667,0.941819349879382,0.946119466356134,0.90129180769344,0.933327470314613,0.961245397280543,1.00681756793454,0.956303745336846,0.942620531945332,0.872430381890339,0.88987011559027,0.914363760591828,0.955012577607403,0.912337727233449,0.918978646250946,0.882046528620813,0.948180977012717,0.916206331240316,0.530332139335305,0.905206703848962,0.499355687007594,0.940004245995674,0.664104707404188,0.553730418554331,0.640729174741841,0.895409364815602,0.89053073708987,0.677909447573568,0.939931646519739,0.549443984494039,0.659660696321325,0.860627883915597,0.942539470046065,0.872180577048623,0.530751269382311,0,0.944009228960956,0.899171034804546,0.911332460513153,0.919926936940085,0.938415437851214,0.930850840721962,0.977104852038467,0.952939345820421,0.959652436083306,0.905967115719908,0.94793527739314,0.989411210466549,0.920338530817351,0.939660017291469,0.930242209790588,0.902189624965175,0.912228987481523,0.879133376084418,0.931631509646491,0.90854065120772
0.915916974849195,0.905937623123541,0.916931900944256,0.955271872793318,0.90574431338979,0.981243052780843,0.922047298285661,0.912350686910929,0.909462495109709,0.922652079548272,0.922295670808172,0.942120440422243,0.975422918050045,0.859987250507103,0.915491806018117,0.90915847826297,0.982394496007022,0.9513026724493,0.951913611397037,0.925320022386247,0.958162271297312,0.954215868835243,0.980268477719396,0.961729185338031,0.921336080115431,0.985074831013854,0.950223707844772,0.958493185612865,1.01995904031639,0.965829229508895,0.983526877198666,0.981305961628401,0.92894885386731,0.974702705520467,0.965713879762291,0.960460934436258,0.916586711914142,0.950103886494256,0.934896244934576,0.944009228960956,0,0.481932196918036,0.952781596626514,0.464619209291983,0.956941918407871,0.522248211519954,0.972259673101598,0.930527842047757,0.972141571757442,0.477195057250348,0.527343384024689,0.938699436042687,0.669682600850799,0.927329848344983,0.898234291440039,0.605582858606161,0.558591333586076,0.494855736527026,0.953074061572863,0.929406441064417
0.921604879802106,0.961392508133919,0.918749423783132,0.996957370027488,0.891669636779409,0.989852173942161,0.927852655876654,0.903089913345261,0.956916696289855,0.955647357423416,0.939673810345667,0.950543047009743,0.957693129939912,0.862178151959249,0.900835787220595,0.929679618922431,0.993351710292775,0.969211694741963,0.97069031266822,0.942027782645626,0.916614205024829,0.940343859065626,0.882509054443525,0.967471196294069,0.897442293069389,0.991831545419211,0.918773860311575,0.842245369053695,0.921629060725889,0.922499170553038,0.913952354498618,0.968986420313342,0.899948232026904,0.925223636942102,0.913178780782199,0.91613432089056,0.904906121970161,0.891488905878628,0.894034473624086,0.899171034804546,0.481932196918036,0,0.997240830086747,0.572925241015943,0.939902730155321,0.460106460777437,1.00008510458175,0.965643415831884,1.02933586407144,0.513093930450993,0.550445054083877,1.01715188363444,0.542412553342095,0.957301874555663,0.994114825858725,0.681303332579543,0.557722609417045,0.401545607992704,0.980288434982542,0.986552433191812
0.90341169083492,0.946928324682663,0.946403213904458,0.936279635876566,0.925129876327931,0.962960598036468,1.00784332595021,0.951286174556612,0.946080774336144,0.914528883702162,0.970401896377528,0.903878247944111,0.944276889745104,0.910258569828742,0.936056395361272,0.906543338504871,0.942593587829161,0.932824182830725,0.968326304067201,0.904242133811394,0.944522138360914,0.978547701620479,0.909523536297491,0.969890377400167,0.873318240526753,1.01329674221974,0.913506302198583,0.956705284300828,0.971947695030632,0.929376476444244,0.958657121474502,0.923189050656715,0.962221114151297,0.924129889604726,0.885416431230885,0.965326465911911,0.951594618312605,0.941143422474453,0.926827456849547,0.911332460513153,0.952781596626514,0.997240830086747,0,0.920336105723633,0.544353679263644,1.00260193669315,0.647609139388578,0.57124850779123,0.44380294853463,0.974692185339369,1.00051481320933,0.54448350058965,0.961759752032424,0.563084287047835,0.514708378280158,0.947828538476278,0.920807608622112,0.981643403205737,0.611414467604816,0.532691821084136
0.950364815374465,0.938476913044345,0.902592768162084,0.925372112490294,0.879799159440354,0.951737765933147,0.924655261050464,0.929682671663803,0.915987109456754,0.956256464324844,0.984201155576177,0.933249992409819,0.959356364987622,0.90691890702903,0.943379523076158,0.944630050005479,0.978778951791098,0.900545645857216,0.980900922954136,0.954593507941127,1.02787585770455,0.959138015903854,0.942085831559166,0.931132482944397,0.860514428768764,1.00253579720864,0.894472066875021,0.921062074141294,0.930585566159288,0.974150460019793,0.952243987761294,0.916686698091486,1.00984699053381,0.941330128110963,0.890711702657341,0.951389183195375,0.962480833264714,0.995228418135259,0.883945854549828,0.919926936940085,0.464619209291983,0.572925241015943,0.920336105723633,0,0.939343609921295,0.546071833783832,0.93170849812015,0.926307922469877,0.976176658944929,0.52905245047531,0.565688927277655,0.916536841369116,0.679324017139898,0.913056672171151,0.934771644530735,0.601194454039911,0.642469072094242,0.498322988721758,0.956659867154826,0.937171957070297
0.891376966900561,0.938724840832199,0.895494499776198,0.944213257348512,0.887270330204148,0.95093146554177,0.953412454843119,0.914245353662185,0.928153098848345,0.926146039462323,0.985578074202079,0.923490325082424,0.928685715014504,0.87300536564732,0.94018324567148,0.945732430627191,0.949602832757776,0.936615410271208,0.9282921175187,0.95203375964749,0.887700206997715,0.934872625044516,0.949572136409247,0.914006578752161,0.88586386995435,1.00530351655964,0.955614206490177,0.916527136479503,0.990809403785827,0.87386123329031,0.959947731195799,0.94454424351098,0.939882120474274,0.891945462465085,0.939078029705899,0.935976369856445,0.890068093831428,0.910422720005996,0.923648308419125,0.938415437851214,0.956941918407871,0.939902730155321,0.544353679263644,0.939343609921295,0,0.995791357426592,0.704738355786928,0.457424032671261,0.501894996987027,0.931537946788214,0.985042676706611,0.543654615619267,0.949115181530483,0.512757986725882,0.625970885485225,0.962172461679981,0.926831352060809,0.99592245008685,0.581703336110625,0.470552015295789
0.936598433297496,0.978119092238442,0.911948419442202,0.990157766905219,0.862999009321989,0.940334157914039,0.925826832440929,0.869291393901099,0.898012546451028,0.973098086378287,0.990085559894561,0.979356967192829,0.978224545770049,0.899577707619103,0.884800119858429,0.968898823839416,1.00555272546568,0.928652146908803,0.957273220778621,0.935022827218692,0.945636455156256,0.957731351029117,0.957510394665211,0.963408762049916,0.938791295479062,0.922642240517183,0.878955115873886,0.944264056816524,0.99632646544877,0.973531876423994,0.937977918193434,0.982450258409328,0.941368705111253,0.940037989572513,0.937442874347903,0.948683014936402,0.926660563754372,0.922356490313683,0.947676246590252,0.930850840721962,0.522248211519954,0.460106460777437,1.00260193669315,0.546071833783832,0.995791357426592,0,1.00239071111524,0.976798029812375,1.03633146166166,0.513117440756788,0.557503715240792,1.04514726076326,0.613910469415192,1.0011179238307,0.994840417347335,0.687963931844343,0.658699173288783,0.459713369791958,1.00919706520631,0.978602423525357
0.953615646534408,0.96878436553406,0.967929874695062,0.964823475298176,0.972161801656458,0.984700939378125,0.98270768660634,0.981921916703515,1.01141092876439,1.02875091442195,1.00728485835932,1.00071502504218,0.976885571405847,0.967573434133944,0.996627141061276,0.937220202879272,0.995468432761643,0.988786398175804,0.958622678886261,0.952975128312163,1.02022621661704,1.0102749020927,0.943415338278234,0.936202015138281,0.936612756240241,0.972258316288322,0.952881321374576,0.994192253114648,0.999848064296056,0.998319024846719,0.982156822158277,0.963905471502121,0.976271327392919,0.987592430573861,0.975492800472483,1.01209280305945,0.995732091127928,0.957910674477316,0.972916420973773,0.977104852038467,0.972259673101598,1.00008510458175,0.647609139388578,0.93170849812015,0.704738355786928,1.00239071111524,0,0.658155247411605,0.720362191115605,0.980787245365478,0.935194978467352,0.705210500602559,0.980210641365094,0.706122908257349,0.728217893023523,0.959692709011553,0.93512409516592,1.00380092512937,0.554213854376831,0.631833461021468
0.938385633909425,0.936373049215209,0.941930664934608,0.959890072008687,0.914132819833302,0.927706617037833,1.03736244841877,0.932557690861471,0.977886948007342,0.942755054097578,0.969816623263049,0.918829028843265,0.958170120395626,0.904402428537738,0.935271979142435,0.924698957299154,0.953302746913714,0.950884903451649,0.951195295218721,0.922411171473219,0.932582830498426,0.943811027473137,0.927874348278442,0.953513365854849,0.881980315726695,1.01133683380633,0.934048001861264,0.925415304824845,1.01093547819326,0.905741456077703,0.94543560695848,0.952044591294517,0.944529872678993,0.923753471876993,0.90665890444428,0.995394234945856,0.905612149511645,0.932991868857179,0.963426003877543,0.952939345820421,0.930527842047757,0.965643415831884,0.57124850779123,0.926307922469877,0.457424032671261,0.976798029812375,0.658155247411605,0,0.559415915824664,0.93526385772911,0.966013641015649,0.600867856171358,0.942019127572117,0.562829894297424,0.738816328549347,0.92949503522211,0.944540358076434,0.948440752000812,0.518231799555716,0.530700332970201
0.921410814123123,0.963641488910787,0.971777031135027,0.939588938930633,0.968217290881245,0.948043819032373,1.06209219627005,1.00639126025694,0.94729528494774,0.933425449856084,0.973849488577169,0.95719893929138,0.971744081289482,0.943973958333635,0.960505746536841,0.91321991041837,0.967852084244471,0.90840160729568,1.02247389945448,0.963319844036313,0.966507876582105,0.970469144660994,1.0041005616797,0.939401706528805,0.885354969395048,1.03174996548962,0.90883216009055,0.954829849729768,1.00159632257793,0.933103778247767,0.977384656349171,0.909208847003626,1.01943181109338,0.924960983278354,0.94481464665576,0.979067888662937,0.92653216797424,0.95837264437077,0.990863289167667,0.959652436083306,0.972141571757442,1.02933586407144,0.44380294853463,0.976176658944929,0.501894996987027,1.03633146166166,0.720362191115605,0.559415915824664,0,0.976692512708636,1.00831902450611,0.539734278337276,0.986245747120953,0.648545965351279,0.491163331078489,0.931306820718348,0.931798637444351,1.01154167930862,0.65518787242562,0.49022433278612
0.930384247740523,0.9325619151083,0.88851949353575,1.01062508277817,0.894162450691573,0.977094081633928,0.976339995315661,0.94870460450518,0.957763305586509,0.914829722209476,0.970826619337329,0.966907392411972,0.926014409536946,0.894678451448873,0.921397781391543,0.950933771005575,0.98880573382695,0.953925456738558,0.977333573037387,0.9534962648292,0.993282073881599,0.940334565309726,0.938203569338032,0.995413372797245,0.879536042000094,1.0046165368582,0.950022797576708,0.909410714100329,1.01039574457783,0.945534085874196,0.957072445126496,0.995029880061792,0.963978814451692,0.886675719489303,0.966658067749597,0.954638651586548,0.948450418754337,0.940375667200175,0.915343307097315,0.905967115719908,0.477195057250348,0.513093930450993,0.974692185339369,0.52905245047531,0.931537946788214,0.513117440756788,0.980787245365478,0.93526385772911,0.976692512708636,0,0.553549976436034,0.9584258044942,0.666662026905047,0.93507294503654,0.951610944915785,0.678526891636809,0.649894904168034,0.535982892383473,0.971191906852207,0.933035119713399
0.952101427278308,0.938030350480084,0.953479811825498,0.996638822591565,0.972361443413971,0.992194571245948,0.962194094637714,0.931329263195783,0.978540336386038,0.970586681861169,0.884844372903474,0.998268984071268,0.991994955259315,0.912982185910969,0.918417102133508,0.93477068519622,0.984625124848119,0.975149769489747,1.00929696397507,0.923929663938159,0.968271016786757,0.951772220973547,0.922289105931141,0.937841166209501,0.916455453990647,0.983502807907295,0.937972967138197,0.9311439677724,1.00579658520576,0.966587115235836,0.914206510428523,0.972616951837053,0.954927977361374,0.941372227719928,0.928317167871232,0.927259524751313,0.9258969859472,0.941175035303459,0.970636546202921,0.94793527739314,0.527343384024689,0.550445054083877,1.00051481320933,0.565688927277655,0.985042676706611,0.557503715240792,0.935194978467352,0.966013641015649,1.00831902450611,0.553549976436034,0,1.02241719048876,0.557540706595728,0.947124370980931,0.95046947904156,0.595826379474052,0.590000902520864,0.527055392377137,0.982055129461133,0.970847303824388
0.937146007326308,0.913960011932659,0.91237822154281,0.901413879018884,0.893931286749954,0.934624336493165,0.970874360673413,0.946808250020966,0.943095460658648,0.902036860388641,0.972890510630588,0.884735396940969,0.937165961093894,0.925831476243294,0.958027428545245,0.909963732297408,0.942052867029134,0.920919401427001,0.96586585247569,0.943428422386304,0.97039350610556,0.936719961429525,0.936620168403493,0.959545473603862,0.918187354929679,1.01880888548541,0.935767536568413,0.979253688606587,0.995515512593807,0.953739475010273,0.964772372551425,0.917067035690071,1.01151729681818,0.921365478255716,0.928581255897077,0.969587749267041,0.934441244261425,0.945923220534037,0.916022927881957,0.989411210466549,0.938699436042687,1.01715188363444,0.54448350058965,0.916536841369116,0.543654615619267,1.04514726076326,0.705210500602559,0.600867856171358,0.539734278337276,0.9584258044942,1.02241719048876,0,1.01498855489548,0.548582180502088,0.579020068648591,0.904357533856209,0.919852544403608,1.01850979372003,0.602047057500961,0.487114008584522
0.930475809377996,0.925822034311989,0.894584558280623,0.984734916580642,0.852790216501352,0.964956150922145,0.942040863766175,0.880000927142639,0.899625536829721,0.95168658276915,0.930728766800202,0.928604215979005,0.928830094085758,0.880463607782457,0.829508861481258,0.92483471946889,0.963510014117995,0.966554381163225,0.913882592922221,0.889423629903112,0.882768824606082,0.931284857517784,0.87359967956453,0.920640504897629,0.904537578116377,0.925171734938357,0.908620881819042,0.926289863743425,0.927850221793048,0.939910226378093,0.87874307481743,0.972645765055665,0.870232576542539,0.937166530013061,0.898501425381893,0.903430033608129,0.907467707850635,0.873978063675556,0.892653197577757,0.920338530817351,0.669682600850799,0.542412553342095,0.961759752032424,0.679324017139898,0.949115181530483,0.613910469415192,0.980210641365094,0.942019127572117,0.986245747120953,0.666662026905047,0.557540706595728,1.01498855489548,0,0.941150810560242,0.953659902637206,0.729801053846552,0.667396107235163,0.50293685456458,1.01131808990203,0.966479427769082
0.935019955673461,0.926282941910697,0.907925333595249,0.938217220807103,0.889957558927159,0.964210770850612,0.973874350070681,0.905541019321072,0.954976597309617,0.905430595534066,0.970318252396478,0.900383883088272,0.951605090231324,0.865363549756799,0.937347367704813,0.966528796601894,0.960143132568557,0.970409515208484,0.9196171890876,0.916850509367071,0.943977123865955,0.952430866434607,0.855442417444325,0.934035680030498,0.934270438499646,1.02581924760524,0.923926625345954,0.921779992256751,0.964933255027026,0.920746210251824,0.952215408003261,0.924277722579628,0.995554959343417,0.903365190806321,0.923692447257223,0.938825125113277,0.900300370902025,0.949420044906423,0.924697536263521,0.939660017291469,0.927329848344983,0.957301874555663,0.563084287047835,0.913056672171151,0.512757986725882,1.0011179238307,0.706122908257349,0.562829894297424,0.648545965351279,0.93507294503654,0.947124370980931,0.548582180502088,0.941150810560242,0,0.656137083408702,0.911064649561179,0.929962973295705,0.96212224396866,0.543225082190803,0.515729778021378
0.875247476360122,0.92251900112605,0.961609305407738,0.978841264175024,0.939616073790884,0.972549635581385,1.0186260454549,0.933943905519314,0.9595643275446,0.901847043199031,0.942208456238948,0.953237064569279,0.956973662820729,0.923545977177016,0.940935110126339,0.87549579414418,0.926012768105895,0.898522570179258,0.97844970879697,0.942654904673763,0.940669243564843,0.949791288504261,0.967822769793176,0.939856598176206,0.902174694511666,0.985744337767102,0.9036496130651,0.933792649313505,0.963782699854637,0.932645476273585,0.950401913400602,0.964211977681147,0.960609823729678,0.92567377030606,0.874754807124127,0.964566743687883,0.952434015169428,0.929431170439961,0.914938185372138,0.930242209790588,0.898234291440039,0.994114825858725,0.514708378280158,0.934771644530735,0.625970885485225,0.994840417347335,0.728217893023523,0.738816328549347,0.491163331078489,0.951610944915785,0.95046947904156,0.579020068648591,0.953659902637206,0.656137083408702,0,0.928859548618085,0.915811305978958,0.946952284430936,0.699274953026912,0.583826591440016
0.93600064271492,0.911085602172129,0.933853083247778,0.934097251642722,0.899425642711376,1.00319482504556,0.987499564442524,0.912795221017282,0.928866759862864,0.988783001472055,0.922900845091983,0.92532650666686,0.927877125874797,0.877266744032034,0.925191619587046,0.856317692396561,0.962394553182192,0.915137316462783,0.992904468975399,0.885105957815616,0.945901776969722,0.920694463934446,0.896346200886634,0.917591760955107,0.878336750546889,0.959108899463631,0.875315080292861,0.948938200992927,0.891789163228382,0.955972844558553,0.877709969974298,0.8806473158407,0.971996786996799,0.962381572701387,0.864858340887333,0.903315294245236,0.905447221277312,0.893544879186633,0.891220974773826,0.902189624965175,0.605582858606161,0.681303332579543,0.947828538476278,0.601194454039911,0.962172461679981,0.687963931844343,0.959692709011553,0.92949503522211,0.931306820718348,0.678526891636809,0.595826379474052,0.904357533856209,0.729801053846552,0.911064649561179,0.928859548618085,0,0.628887294799523,0.713217063596309,0.926527621628952,0.908110080923175
0.920114637921855,0.8953638911776,0.891986463244046,0.963235078164297,0.921167499789171,0.953401950119483,0.975844919297873,0.923192357311374,0.901146880072622,0.944267469930987,0.960379539763376,0.919606767451427,0.921532187487006,0.865722165896149,0.917971409591753,0.912997216638386,0.937010899875079,0.915887488126598,0.93667292990779,0.936915257062719,0.95399443302589,0.918096276310703,0.973770980664766,0.981090975926251,0.915009100630763,0.99211677574476,0.927403760174069,0.943065755850412,0.924527149824444,0.948718374715415,0.935956440678999,0.956379313035197,0.939274684785281,0.965468454274595,0.956284357041727,0.922798128886171,0.927385768190306,0.94879480478689,0.924187987136322,0.912228987481523,0.558591333586076,0.557722609417045,0.920807608622112,0.642469072094242,0.926831352060809,0.658699173288783,0.93512409516592,0.944540358076434,0.931798637444351,0.649894904168034,0.590000902520864,0.919852544403608,0.667396107235163,0.929962973295705,0.915811305978958,0.628887294799523,0,0.661371130956758,0.97345589727642,0.870487438812924
0.931898251388984,0.940049226872894,0.924090526130604,0.956067976765619,0.883587874083637,0.949187685639664,0.944291733872759,0.901593623673058,0.905344290696426,0.933489569284653,0.93564034423984,0.959068105065154,0.966270513375259,0.885253615514122,0.868087434663304,0.910960066588026,0.957684475677764,0.933072499351053,0.957524433966146,0.879654456027879,0.909233588776744,0.908255790190566,0.911289598902904,0.940859809097382,0.879619674750622,0.927986809938325,0.877890148780229,0.873874395668434,0.931184341430003,0.936447710834854,0.898043368705303,0.995961407012166,0.918872017498707,0.936856642855759,0.889142989095717,0.903865645472084,0.922275492681081,0.891508544446905,0.884945415307475,0.879133376084418,0.494855736527026,0.401545607992704,0.981643403205737,0.498322988721758,0.99592245008685,0.459713369791958,1.00380092512937,0.948440752000812,1.01154167930862,0.535982892383473,0.527055392377137,1.01850979372003,0.50293685456458,0.96212224396866,0.946952284430936,0.713217063596309,0.661371130956758,0,0.989556403760831,0.991747466403136
0.909907515875114,0.927366702049174,0.946892367600898,0.942793136393188,0.956736565378051,0.982298132232325,0.979018889097714,0.972417806932376,1.02461442272009,0.950392048038657,0.96762257978895,0.934120779977521,0.978273467077068,0.993350563836737,0.98801469301269,0.90593072433555,0.956050050884341,0.928726031336609,0.928569251879792,0.962475757878983,0.953278763169424,0.992417741453272,0.913833712034037,0.961896652355854,0.907761313113797,1.05156177663574,0.920041479556524,0.980359451944147,1.01086853899014,0.951511557670104,0.954137174817824,0.965759593036963,0.970346877603885,0.912717146757184,0.892515998831586,1.00973815208482,0.939314116938246,0.918023886479567,0.922150490444744,0.931631509646491,0.953074061572863,0.980288434982542,0.611414467604816,0.956659867154826,0.581703336110625,1.00919706520631,0.554213854376831,0.518231799555716,0.65518787242562,0.971191906852207,0.982055129461133,0.602047057500961,1.01131808990203,0.543225082190803,0.699274953026912,0.926527621628952,0.97345589727642,0.989556403760831,0,0.515322878641575
0.903828019667214,0.915345558070684,0.949826612029874,0.943968028178979,0.936805981568384,0.951655919108418,1.00511889364563,0.973081284772159,0.97763802213972,0.92816320864837,0.921287182097953,0.9492359871678,0.95069307367754,0.927461307185711,0.967759133230113,0.883839260523547,0.96377668654091,0.933565262723643,0.974737435779546,0.937994132780012,0.941603885943315,0.939403761816577,0.924097366611848,0.935951231512995,0.904581354401334,1.01990053341146,0.908132935063266,0.948926720559397,1.01287671758665,0.917727323175521,0.950180616127694,0.946534859571601,0.971457969178871,0.932200071820812,0.917686772070121,0.94680480546337,0.903166250759428,0.919362541040274,0.955285416450329,0.90854065120772,0.929406441064417,0.986552433191812,0.532691821084136,0.937171957070297,0.470552015295789,0.978602423525357,0.631833461021468,0.530700332970201,0.49022433278612,0.933035119713399,0.970847303824388,0.487114008584522,0.966479427769082,0.515729778021378,0.583826591440016,0.908110080923175,0.870487438812924,0.991747466403136,0.515322878641575,0
