0,0.225042760372162,0.161133110523224,0.182052493095398,0.621551543474197,0.497905194759369,0.849694401025772,0.529814720153809,0.739961534738541,0.806785613298416,0.963492430746555,0.613258451223373,0.925692662596703,1.06773763149977,1.22759263217449,0.613509744405746,0.711503177881241,0.94517545774579,1.07237688452005,0.978144206106663,0.556755393743515,0.828745558857918,0.635272592306137,0.637396961450577,0.71290048956871,1.02122614718974,0.762287721037865,0.85337670147419,1.00416305381805,0.708751767873764,1.19602377712727,0.854846149682999,0.680127412080765,0.67870768904686,0.741525173187256,0.739491283893585,0.734257847070694,0.659008949995041,1.12252108752728,0.794773906469345,0.919191934168339,1.05339463055134,0.912086308002472,0.707104682922363,1.15386809408665,0.817726865410805,1.12221547216177,1.1134841516614,1.08182159811258,0.724039435386658,1.19894002377987,1.05906341597438,0.765752524137497,0.983214646577835,0.79753141105175,0.780153840780258,0.701076239347458,1.1086328998208,0.896621376276016,1.03397169336677
0.225042760372162,0,0.193286597728729,0.17582768201828,0.57591500878334,0.516188830137253,0.837363377213478,0.534787058830261,0.756823718547821,0.761286377906799,0.79310154914856,0.582234025001526,0.892073579132557,1.03507173806429,1.13061827421188,0.664799928665161,0.640484124422073,0.851663410663605,1.02488429658115,0.927037551999092,0.500216543674469,0.832828849554062,0.617384254932404,0.577471375465393,0.645240843296051,0.857305735349655,0.714518755674362,0.778652504086494,0.991889295168221,0.734946966171265,1.1644798964262,0.849722027778625,0.655228734016418,0.717766106128693,0.688550502061844,0.699966162443161,0.780264899134636,0.63910847902298,1.09950347989798,0.762923881411552,0.848650872707367,0.89644517749548,0.758637458086014,0.664602965116501,1.10291235148907,0.724584549665451,1.09441341459751,1.01244374364614,0.95636598393321,0.654878526926041,1.08744578063488,0.978767057880759,0.712299942970276,0.840792864561081,0.789553120732307,0.710154116153717,0.644558370113373,1.00846605561674,0.899194851517677,0.943992245942354
0.161133110523224,0.193286597728729,0,0.127020716667175,0.453839778900146,0.369174897670746,0.783871248364449,0.414264440536499,0.663908928632736,0.693244993686676,0.885919466614723,0.507373601198196,0.823284909129143,1.03732261061668,1.15636782348156,0.562905192375183,0.599804997444153,0.887901946902275,1.04618510231376,0.889919869601727,0.483239829540253,0.704175800085068,0.530550748109818,0.538420975208282,0.596598029136658,0.89784612506628,0.649314910173416,0.77761797606945,0.984687690623105,0.637152254581451,1.19859108328819,0.859615981578827,0.615907788276672,0.632699757814407,0.734485238790512,0.681251555681229,0.705404222011566,0.641904920339584,1.10546860098839,0.827282965183258,0.814901724457741,0.975705504417419,0.814774140715599,0.571831345558167,1.06250870227814,0.733726501464844,1.04905005916953,1.0231436342001,1.0175936948508,0.644196271896362,1.12634779512882,0.993437702767551,0.785125970840454,0.936396509408951,0.798568323254585,0.69807755947113,0.613894075155258,1.11648154258728,0.900431469082832,1.03169780224562
0.182052493095398,0.17582768201828,0.127020716667175,0,0.476107239723206,0.39704155921936,0.767568483948708,0.442109227180481,0.656473934650421,0.712799310684204,0.862030699849129,0.526044875383377,0.825597047805786,1.01994118653238,1.15511474013329,0.563275426626205,0.613662958145142,0.906719140708447,1.05221393704414,0.910220570862293,0.499228596687317,0.713971138000488,0.56686744093895,0.535892307758331,0.594937920570374,0.891334973275661,0.640326529741287,0.789746418595314,0.967109687626362,0.649195373058319,1.16852131485939,0.857915192842484,0.626965433359146,0.628547042608261,0.706661373376846,0.673159718513489,0.727352619171143,0.634820193052292,1.08274529874325,0.812260523438454,0.825653001666069,0.946808148175478,0.833525866270065,0.597275942564011,1.06472778320312,0.726544708013535,1.04867927357554,1.01223858818412,0.999464954365976,0.63417786359787,1.13141906261444,0.986761471256614,0.748813837766647,0.946504589170218,0.800324529409409,0.698263496160507,0.629859179258347,1.08521522581577,0.895128153264523,1.02480060048401
0.621551543474197,0.57591500878334,0.453839778900146,0.476107239723206,0,0.173335194587708,0.42415314912796,0.184249579906464,0.601966142654419,0.585634917020798,0.786318898200989,0.459115326404572,0.658089995384216,0.879488810896873,0.852640330791473,0.633592247962952,0.539467394351959,0.884402841329575,0.925960525870323,0.683161079883575,0.397686898708344,0.314364552497864,0.288492500782013,0.250227034091949,0.531596958637238,0.678311467170715,0.535059541463852,0.618516653776169,0.99538543401286,0.627291440963745,1.0550544783473,0.950376357883215,0.71302455663681,0.775134667754173,0.789071157574654,0.696131527423859,0.737047761678696,0.762188374996185,0.978755656629801,0.895603440701962,0.604588210582733,0.802727460861206,0.667524427175522,0.558004111051559,0.817017838358879,0.710943669080734,0.825747609138489,0.772353261709213,0.858509391546249,0.598686456680298,0.819553732872009,0.788190796971321,0.830175757408142,0.842187985777855,0.772722601890564,0.587144911289215,0.657902896404266,1.19040222465992,0.993317879736423,1.04990418627858
0.497905194759369,0.516188830137253,0.369174897670746,0.39704155921936,0.173335194587708,0,0.4788419008255,0.186959564685822,0.606023997068405,0.581306457519531,0.781805649399757,0.463958382606506,0.749267488718033,0.925238333642483,0.99665630585514,0.54636687040329,0.512233078479767,0.890247367322445,0.994564725551754,0.755923330783844,0.385808289051056,0.3636155128479,0.287807703018188,0.277351081371307,0.595432907342911,0.717357695102692,0.494816839694977,0.652718037366867,0.99272792879492,0.557849317789078,1.08557017892599,0.879667177796364,0.658570945262909,0.738561749458313,0.670417904853821,0.669246882200241,0.683591723442078,0.692057132720947,1.0746833011508,0.850415945053101,0.706010162830353,0.844471037387848,0.737752109766006,0.555038213729858,0.900224722921848,0.715692013502121,0.900451868772507,0.904920808970928,0.893205799162388,0.578897505998611,0.938985168933868,0.846542924642563,0.741694808006287,0.881570309400558,0.734431177377701,0.594353705644608,0.644465863704681,1.23393832147121,0.99164844956249,1.07434161007404
0.849694401025772,0.837363377213478,0.783871248364449,0.767568483948708,0.42415314912796,0.4788419008255,0,0.420021772384644,0.735674381256104,0.658575803041458,0.891130648553371,0.707613825798035,0.735453575849533,0.817156001925468,0.744094580411911,0.795626431703568,0.724976897239685,0.909947238862514,0.802302286028862,0.666565388441086,0.534353971481323,0.337781429290771,0.409231901168823,0.45367443561554,0.714494824409485,0.757137164473534,0.670319825410843,0.793682023882866,0.944665387272835,0.737931907176971,0.820680215954781,1.00044015207095,0.850986763834953,0.880873449146748,0.959153674542904,0.933788061141968,0.941639617085457,0.980876198038459,0.962406475096941,0.992211438715458,0.736729502677917,0.759783267974854,0.802937522530556,0.815981060266495,0.725162029266357,0.888115949928761,0.694942027330399,0.823085501790047,0.862445056438446,0.777822881937027,0.708834320306778,0.769135102629662,0.97342967055738,0.944168012589216,0.92777106910944,0.791353210806847,0.847674071788788,1.04776811599731,0.956774853169918,0.990381099283695
0.529814720153809,0.534787058830261,0.414264440536499,0.442109227180481,0.184249579906464,0.186959564685822,0.420021772384644,0,0.69277012348175,0.704318553209305,0.89079262316227,0.551657944917679,0.77833203971386,1.00550168147311,0.995980453211814,0.651517659425735,0.607633352279663,0.939564179629087,0.965071268379688,0.801950335502625,0.290764093399048,0.386925756931305,0.288676679134369,0.27215963602066,0.580995410680771,0.849408060312271,0.663868427276611,0.723314672708511,1.06419031322002,0.701093256473541,1.12281088531017,1.00717928633094,0.727804213762283,0.779131814837456,0.800945669412613,0.681890964508057,0.701413989067078,0.710056960582733,0.985981146804988,0.842600107192993,0.730720102787018,0.931437730789185,0.800560623407364,0.672247022390366,0.982039453461766,0.794048577547073,0.983708342537284,0.919267877936363,0.951195325702429,0.639098882675171,0.912114806473255,0.882647588849068,0.81046436727047,0.885141357779503,0.751259997487068,0.62942236661911,0.642461478710175,1.18070939183235,0.955256536602974,1.08880466222763
0.739961534738541,0.756823718547821,0.663908928632736,0.656473934650421,0.601966142654419,0.606023997068405,0.735674381256104,0.69277012348175,0,0.369764149188995,0.656259119510651,0.435994446277618,0.622130751609802,0.754021763801575,0.766922116279602,0.585789948701859,0.560733377933502,0.715509235858917,0.731219738721848,0.619875222444534,0.860292345285416,0.620508015155792,0.67337566614151,0.729687929153442,0.528625845909119,0.574933290481567,0.475220024585724,0.681455552577972,0.757453009486198,0.590108513832092,0.811813861131668,0.692617475986481,0.673898696899414,0.704318732023239,0.81674362719059,0.729986518621445,0.737056642770767,0.830274373292923,0.946384828537703,0.940977916121483,0.403584718704224,0.575047016143799,0.510160803794861,0.359507381916046,0.645787090063095,0.788661316037178,0.640082627534866,0.71202939748764,0.719666570425034,0.623910814523697,0.816186711192131,0.739134788513184,0.928998902440071,0.937136456370354,0.919171378016472,0.763281792402267,0.794665142893791,1.05872201174498,0.886017516255379,0.871552780270576
0.806785613298416,0.761286377906799,0.693244993686676,0.712799310684204,0.585634917020798,0.581306457519531,0.658575803041458,0.704318553209305,0.369764149188995,0,0.493777990341187,0.356582581996918,0.588821947574615,0.618591040372849,0.672648251056671,0.624746859073639,0.509902983903885,0.672576457262039,0.721680134534836,0.543533235788345,0.859794601798058,0.513896733522415,0.635467737913132,0.695587366819382,0.519509226083755,0.398733079433441,0.248309433460236,0.551215648651123,0.716584771871567,0.522495299577713,0.697118252515793,0.664831191301346,0.652571827173233,0.740028381347656,0.77180977165699,0.887037880718708,0.798071950674057,0.940536171197891,1.08717975020409,0.963295910507441,0.39485502243042,0.385378897190094,0.360896527767181,0.334265649318695,0.493081212043762,0.722757458686829,0.463706970214844,0.702057003974915,0.712622284889221,0.658027768135071,0.750338494777679,0.637707561254501,0.891291365027428,0.853275671601295,0.928594037890434,0.745022743940353,0.869242310523987,1.07868917286396,0.977486152201891,0.885257542133331
0.963492430746555,0.79310154914856,0.885919466614723,0.862030699849129,0.786318898200989,0.781805649399757,0.891130648553371,0.89079262316227,0.656259119510651,0.493777990341187,0,0.591430485248566,0.876221291720867,0.869440689682961,0.884678736329079,0.849647998809814,0.613194048404694,0.617781728506088,0.862557634711266,0.738367468118668,0.864407777786255,0.823768123984337,0.817998364567757,0.797332465648651,0.582561910152435,0.455669343471527,0.491734623908997,0.585946500301361,0.791161626577377,0.763639152050018,0.836732193827629,0.735545068979263,0.684063076972961,0.827923074364662,0.589292049407959,0.84214349091053,0.944824144244194,0.831781953573227,1.02658876031637,0.875194035470486,0.523950815200806,0.367766141891479,0.389236271381378,0.487806260585785,0.765862435102463,0.694267272949219,0.816875547170639,0.770213007926941,0.616639196872711,0.776726379990578,0.87726691365242,0.80420084297657,0.674510776996613,0.789103284478188,0.864259898662567,0.792004600167274,0.953725632280111,0.972985748201609,0.976149316877127,0.833097323775291
0.613258451223373,0.582234025001526,0.507373601198196,0.526044875383377,0.459115326404572,0.463958382606506,0.707613825798035,0.551657944917679,0.435994446277618,0.356582581996918,0.591430485248566,0,0.612243473529816,0.843278005719185,0.771836891770363,0.562885105609894,0.438616991043091,0.681345760822296,0.800706788897514,0.558602631092072,0.701851844787598,0.569539427757263,0.587474375963211,0.591319590806961,0.467479944229126,0.534053027629852,0.447144567966461,0.468115925788879,0.84570686519146,0.561463981866837,0.928517825901508,0.699133217334747,0.626966238021851,0.720260083675385,0.663056999444962,0.659745424985886,0.691784560680389,0.688032209873199,1.00605361908674,0.791663885116577,0.475943744182587,0.61642724275589,0.407301962375641,0.335145175457001,0.727279901504517,0.646939128637314,0.719515353441238,0.66167140007019,0.729902476072311,0.545850515365601,0.850691065192223,0.679578572511673,0.767971754074097,0.749222785234451,0.790109127759933,0.63530096411705,0.661407083272934,1.09033396840096,0.888083174824715,0.841398790478706
0.925692662596703,0.892073579132557,0.823284909129143,0.825597047805786,0.658089995384216,0.749267488718033,0.735453575849533,0.77833203971386,0.622130751609802,0.588821947574615,0.876221291720867,0.612243473529816,0,0.576900601387024,0.505232751369476,0.732765674591064,0.7083620429039,0.831101536750793,0.730902403593063,0.603056609630585,0.944097157567739,0.598146229982376,0.74796262383461,0.829694360494614,0.625232219696045,0.792761191725731,0.673638373613358,0.796322971582413,0.686952143907547,0.628079324960709,0.745589643716812,0.728428453207016,0.776576831936836,0.784841969609261,1.05903610959649,0.887959249317646,0.830684944987297,0.932028561830521,0.846998080611229,0.970098840072751,0.553729951381683,0.765261292457581,0.69568994641304,0.577078223228455,0.490007519721985,0.556388229131699,0.491123020648956,0.383766353130341,0.815564766526222,0.73403924703598,0.753416165709496,0.754751905798912,1.08496148139238,0.866033837199211,0.942127574235201,0.760131105780602,0.822250857949257,0.956571031361818,0.927680991590023,0.848981946706772
1.06773763149977,1.03507173806429,1.03732261061668,1.01994118653238,0.879488810896873,0.925238333642483,0.817156001925468,1.00550168147311,0.754021763801575,0.618591040372849,0.869440689682961,0.843278005719185,0.576900601387024,0,0.576790153980255,0.745885968208313,0.823252975940704,0.80230987071991,0.781200736761093,0.734685897827148,1.09826297312975,0.731587946414948,0.872727379202843,0.921249404549599,0.88730126619339,0.726768881082535,0.645118862390518,0.814105272293091,0.645356327295303,0.650688976049423,0.57324555516243,0.605248034000397,0.866599127650261,0.876859083771706,0.991575469262898,1.12730802595615,1.01920822821558,1.17952367663383,1.03045179694891,1.0371970385313,0.773287087678909,0.658199340105057,0.735867112874985,0.797611877322197,0.459157049655914,0.651516407728195,0.376107573509216,0.654383093118668,0.838492378592491,0.920636564493179,0.720487892627716,0.755032047629356,1.02293257974088,0.930753514170647,0.995671385433525,0.949011351913214,1.08180123567581,0.948502320796251,1.03191771358252,0.882394693791866
1.22759263217449,1.13061827421188,1.15636782348156,1.15511474013329,0.852640330791473,0.99665630585514,0.744094580411911,0.995980453211814,0.766922116279602,0.672648251056671,0.884678736329079,0.771836891770363,0.505232751369476,0.576790153980255,0,0.983307830989361,0.799240857362747,0.745162516832352,0.495550036430359,0.466017007827759,1.11767290532589,0.711443871259689,0.905698947608471,0.966734018176794,0.845118537545204,0.623819410800934,0.831445932388306,0.80568154156208,0.716904550790787,0.932940676808357,0.53112319111824,0.822694644331932,1.05464431643486,1.1327613145113,1.17971287667751,1.02112653665245,1.00193908729125,1.16636310517788,0.761048093438148,0.980308845639229,0.534026831388474,0.703152179718018,0.665749669075012,0.782911509275436,0.379654407501221,0.886072427034378,0.373847186565399,0.391731441020966,0.5919429063797,0.828725710511208,0.450803458690643,0.475631237030029,1.20906363427639,0.723174810409546,0.983403841033578,0.8830236941576,0.946405045688152,0.859954491257668,0.991786766797304,0.759114906191826
0.613509744405746,0.664799928665161,0.562905192375183,0.563275426626205,0.633592247962952,0.54636687040329,0.795626431703568,0.651517659425735,0.585789948701859,0.624746859073639,0.849647998809814,0.562885105609894,0.732765674591064,0.745885968208313,0.983307830989361,0,0.52935716509819,0.67023903131485,0.902178443968296,0.677055716514587,0.753134727478027,0.713101476430893,0.636271059513092,0.688864856958389,0.75012281537056,0.842172995209694,0.584455668926239,0.718118160963058,0.663138538599014,0.414089798927307,0.864289835095406,0.533236026763916,0.527723520994186,0.516726613044739,0.619331359863281,0.664944052696228,0.786086410284042,0.708539187908173,1.0617215000093,0.84697100520134,0.847645565867424,0.892334990203381,0.815934643149376,0.557250499725342,0.763323858380318,0.467638969421387,0.735513180494308,0.891048431396484,0.819638431072235,0.551770627498627,0.954673159867525,0.860852092504501,0.743986994028091,1.02234019897878,0.80684357881546,0.811953395605087,0.661756128072739,1.01366386096925,0.733709454536438,0.838344037532806
0.711503177881241,0.640484124422073,0.599804997444153,0.613662958145142,0.539467394351959,0.512233078479767,0.724976897239685,0.607633352279663,0.560733377933502,0.509902983903885,0.613194048404694,0.438616991043091,0.7083620429039,0.823252975940704,0.799240857362747,0.52935716509819,0,0.397030115127563,0.612112075090408,0.397669911384583,0.711556732654572,0.628505438566208,0.572087347507477,0.57808730006218,0.719556301832199,0.512904047966003,0.477081000804901,0.504040122032166,0.75625179708004,0.503194868564606,0.894715435802937,0.690820544958115,0.392239391803741,0.604609578847885,0.36911678314209,0.469906628131866,0.710830837488174,0.704889208078384,1.11077450960875,0.717709630727768,0.641209542751312,0.70959085226059,0.533998638391495,0.47338992357254,0.687008440494537,0.622006326913834,0.70446839928627,0.760273903608322,0.451416254043579,0.321600317955017,0.595965176820755,0.491174876689911,0.62010133266449,0.667201548814774,0.73134183883667,0.638840794563293,0.629922449588776,1.01263059210032,0.911778621375561,0.779097586870193
0.94517545774579,0.851663410663605,0.887901946902275,0.906719140708447,0.884402841329575,0.890247367322445,0.909947238862514,0.939564179629087,0.715509235858917,0.672576457262039,0.617781728506088,0.681345760822296,0.831101536750793,0.80230987071991,0.745162516832352,0.67023903131485,0.397030115127563,0,0.496982872486115,0.438050746917725,0.923634223639965,0.887086391448975,0.797612145543098,0.882530115544796,0.893352933228016,0.639715433120728,0.699695944786072,0.65833991765976,0.639892309904099,0.717438727617264,0.737830340862274,0.64186754822731,0.460811376571655,0.566479831933975,0.582887232303619,0.707802057266235,0.953454170376062,0.881113141775131,1.05395052954555,0.797005712985992,0.733886122703552,0.700767934322357,0.608862161636353,0.641954243183136,0.64335635304451,0.683748543262482,0.674183011054993,0.699567377567291,0.423479020595551,0.57358980178833,0.587852358818054,0.508103579282761,0.747374057769775,0.738530546426773,0.895525552332401,0.900082275271416,0.769580408930779,0.743300408124924,0.78693488240242,0.592648923397064
1.07237688452005,1.02488429658115,1.04618510231376,1.05221393704414,0.925960525870323,0.994564725551754,0.802302286028862,0.965071268379688,0.731219738721848,0.721680134534836,0.862557634711266,0.800706788897514,0.730902403593063,0.781200736761093,0.495550036430359,0.902178443968296,0.612112075090408,0.496982872486115,0,0.346292018890381,1.06775860488415,0.811834514141083,0.889582999050617,0.990294001065195,0.921424604952335,0.799903213977814,0.854618787765503,0.810204699635506,0.809794574975967,0.956165727227926,0.681057274341583,0.816596150398254,0.825555726885796,0.912352234125137,0.922051981091499,0.752745643258095,0.959156420081854,1.06643667817116,0.858401343226433,0.919431902468204,0.633558809757233,0.827301859855652,0.715014696121216,0.793100535869598,0.574126154184341,0.988088919781148,0.581433951854706,0.617004454135895,0.372262716293335,0.649493187665939,0.408507168292999,0.386963367462158,1.08742129057646,0.829300820827484,0.98179349116981,1.01834734529257,0.938771460205317,0.795888349413872,0.876688495278358,0.690454959869385
0.978144206106663,0.927037551999092,0.889919869601727,0.910220570862293,0.683161079883575,0.755923330783844,0.666565388441086,0.801950335502625,0.619875222444534,0.543533235788345,0.738367468118668,0.558602631092072,0.603056609630585,0.734685897827148,0.466017007827759,0.677055716514587,0.397669911384583,0.438050746917725,0.346292018890381,0,0.978751000016928,0.614908069372177,0.732112437486649,0.804991543292999,0.796048179268837,0.561683237552643,0.618156462907791,0.649243324995041,0.734715014696121,0.674773186445236,0.693171679973602,0.726146876811981,0.680285751819611,0.747429400682449,0.745570421218872,0.644220352172852,0.925441883504391,0.973299082368612,0.883138477802277,0.913864657282829,0.542851805686951,0.706385791301727,0.600635915994644,0.605676740407944,0.473226964473724,0.744862049818039,0.462327122688293,0.487360239028931,0.38111937046051,0.464825809001923,0.346079647541046,0.304125010967255,0.979660289362073,0.785633012652397,0.903302125632763,0.853662177920341,0.799534812569618,0.881396733224392,0.852034226059914,0.648626178503036
0.556755393743515,0.500216543674469,0.483239829540253,0.499228596687317,0.397686898708344,0.385808289051056,0.534353971481323,0.290764093399048,0.860292345285416,0.859794601798058,0.864407777786255,0.701851844787598,0.944097157567739,1.09826297312975,1.11767290532589,0.753134727478027,0.711556732654572,0.923634223639965,1.06775860488415,0.978751000016928,0,0.651034116744995,0.356005072593689,0.392748653888702,0.653726726770401,0.915743745863438,0.817946076393127,0.840522885322571,1.04977343976498,0.826014310121536,1.13674676418304,1.02418317086995,0.726682782173157,0.786293476819992,0.774905055761337,0.760025024414062,0.830313712358475,0.675999522209167,1.00951109454036,0.782965093851089,0.86436440050602,0.943497490137815,0.853779181838036,0.798811584711075,1.15218508243561,0.795776203274727,1.16885797679424,1.06150829419494,0.978823570534587,0.714868783950806,1.00309784384444,0.987557747401297,0.728218913078308,0.869815349578857,0.770655393600464,0.678582221269608,0.644792944192886,1.04576011747122,0.917042076587677,1.0799625441432
0.828745558857918,0.832828849554062,0.704175800085068,0.713971138000488,0.314364552497864,0.3636155128479,0.337781429290771,0.386925756931305,0.620508015155792,0.513896733522415,0.823768123984337,0.569539427757263,0.598146229982376,0.731587946414948,0.711443871259689,0.713101476430893,0.628505438566208,0.887086391448975,0.811834514141083,0.614908069372177,0.651034116744995,0,0.357352554798126,0.432319223880768,0.622557252645493,0.645920723676682,0.502752035856247,0.649286895990372,0.90693573653698,0.6423699259758,0.844159707427025,0.94592509418726,0.808621168136597,0.824318036437035,0.925533264875412,0.842551782727242,0.781833454966545,0.951986566185951,0.921393424272537,1.01571175269783,0.579194247722626,0.685279548168182,0.680257260799408,0.622163683176041,0.632187992334366,0.780765175819397,0.641659528017044,0.712078750133514,0.820173487067223,0.691721946001053,0.695815771818161,0.72486624121666,0.958302434533834,0.911242112517357,0.867594420909882,0.695128411054611,0.842232972383499,1.1746890693903,1.02145082131028,1.03455926477909
0.635272592306137,0.617384254932404,0.530550748109818,0.56686744093895,0.288492500782013,0.287807703018188,0.409231901168823,0.288676679134369,0.67337566614151,0.635467737913132,0.817998364567757,0.587474375963211,0.74796262383461,0.872727379202843,0.905698947608471,0.636271059513092,0.572087347507477,0.797612145543098,0.889582999050617,0.732112437486649,0.356005072593689,0.357352554798126,0,0.255626976490021,0.668288588523865,0.77961640059948,0.600733131170273,0.677425116300583,0.894603811204433,0.651895940303802,0.964987553656101,0.888761296868324,0.674798190593719,0.734438389539719,0.775666117668152,0.751653119921684,0.752821937203407,0.798855125904083,1.04969406500459,0.842056542634964,0.741669654846191,0.833042949438095,0.728851526975632,0.648274481296539,0.844935342669487,0.732726514339447,0.851161688566208,0.876601077616215,0.855463713407516,0.659712851047516,0.848955199122429,0.809868380427361,0.77943979203701,0.832594260573387,0.790091663599014,0.690049737691879,0.689007043838501,1.08344270288944,0.917747914791107,0.946221332997084
0.637396961450577,0.577471375465393,0.538420975208282,0.535892307758331,0.250227034091949,0.277351081371307,0.45367443561554,0.27215963602066,0.729687929153442,0.695587366819382,0.797332465648651,0.591319590806961,0.829694360494614,0.921249404549599,0.966734018176794,0.688864856958389,0.57808730006218,0.882530115544796,0.990294001065195,0.804991543292999,0.392748653888702,0.432319223880768,0.255626976490021,0,0.646648764610291,0.732178062200546,0.59579211473465,0.642490148544312,0.961282379925251,0.697095990180969,1.0133531363681,0.982742730528116,0.73574236035347,0.808556497097015,0.705092668533325,0.739926874637604,0.79537470638752,0.770840436220169,1.06913443654776,0.814954817295074,0.77459354698658,0.828078359365463,0.72200682759285,0.71571359038353,0.920609533786774,0.766453862190247,0.919548265635967,0.943060997873545,0.890982180833817,0.654505610466003,0.850827142596245,0.81871086359024,0.704436540603638,0.816952347755432,0.775397926568985,0.621807366609573,0.680644959211349,1.13083538413048,0.979989545419812,1.04293031990528
0.71290048956871,0.645240843296051,0.596598029136658,0.594937920570374,0.531596958637238,0.595432907342911,0.714494824409485,0.580995410680771,0.528625845909119,0.519509226083755,0.582561910152435,0.467479944229126,0.625232219696045,0.88730126619339,0.845118537545204,0.75012281537056,0.719556301832199,0.893352933228016,0.921424604952335,0.796048179268837,0.653726726770401,0.622557252645493,0.668288588523865,0.646648764610291,0,0.650546431541443,0.547029197216034,0.738150626420975,0.943080019205809,0.713719755411148,1.00193688238505,0.913764819502831,0.731412261724472,0.723937958478928,0.93708336353302,0.759938880801201,0.809719860553741,0.71817272901535,0.791272297501564,0.9258166924119,0.411413431167603,0.58215543627739,0.539945513010025,0.461119949817657,0.831435665488243,0.698303818702698,0.876406408846378,0.705749601125717,0.897078529000282,0.688055783510208,0.897871114313602,0.916168227791786,0.907718166708946,0.921042300760746,0.849817842245102,0.591274261474609,0.74750429391861,1.04017999023199,0.929365262389183,1.0239556543529
1.02122614718974,0.857305735349655,0.89784612506628,0.891334973275661,0.678311467170715,0.717357695102692,0.757137164473534,0.849408060312271,0.574933290481567,0.398733079433441,0.455669343471527,0.534053027629852,0.792761191725731,0.726768881082535,0.623819410800934,0.842172995209694,0.512904047966003,0.639715433120728,0.799903213977814,0.561683237552643,0.915743745863438,0.645920723676682,0.77961640059948,0.732178062200546,0.650546431541443,0,0.435032665729523,0.572180598974228,0.769965618848801,0.669815361499786,0.740112155675888,0.782414063811302,0.815487891435623,0.966322891414165,0.699368804693222,0.846037849783897,0.957220293581486,0.992142285220325,1.03842581436038,0.932292796671391,0.458338439464569,0.351199150085449,0.374472856521606,0.511724144220352,0.616859078407288,0.767134040594101,0.587887227535248,0.694613337516785,0.597143322229385,0.627367585897446,0.597840875387192,0.582671612501144,0.825217723846436,0.650074630975723,0.903538875281811,0.708146750926971,0.866125226020813,1.03345435485244,1.09689579904079,0.837992072105408
0.762287721037865,0.714518755674362,0.649314910173416,0.640326529741287,0.535059541463852,0.494816839694977,0.670319825410843,0.663868427276611,0.475220024585724,0.248309433460236,0.491734623908997,0.447144567966461,0.673638373613358,0.645118862390518,0.831445932388306,0.584455668926239,0.477081000804901,0.699695944786072,0.854618787765503,0.618156462907791,0.817946076393127,0.502752035856247,0.600733131170273,0.59579211473465,0.547029197216034,0.435032665729523,0,0.537410497665405,0.743048638105392,0.448890864849091,0.773062825202942,0.725488901138306,0.596838444471359,0.67742782831192,0.649557441473007,0.871885284781456,0.880969904363155,0.937166094779968,1.19254943728447,0.986111773177981,0.558035731315613,0.462051749229431,0.46288275718689,0.402841806411743,0.545607358217239,0.667352378368378,0.55377197265625,0.825889676809311,0.73601707816124,0.626274645328522,0.785214051604271,0.714028209447861,0.785811126232147,0.888602294027805,0.904655486345291,0.724584728479385,0.844262108206749,1.09097927063704,1.00535544985905,0.935733571648598
0.85337670147419,0.778652504086494,0.77761797606945,0.789746418595314,0.618516653776169,0.652718037366867,0.793682023882866,0.723314672708511,0.681455552577972,0.551215648651123,0.585946500301361,0.468115925788879,0.796322971582413,0.814105272293091,0.80568154156208,0.718118160963058,0.504040122032166,0.65833991765976,0.810204699635506,0.649243324995041,0.840522885322571,0.649286895990372,0.677425116300583,0.642490148544312,0.738150626420975,0.572180598974228,0.537410497665405,0,0.837684348225594,0.723319709300995,0.863339990377426,0.82799506187439,0.688806146383286,0.878389127552509,0.646821022033691,0.796767115592957,0.848563656210899,0.871219828724861,1.13986165821552,0.830578118562698,0.677224665880203,0.632346391677856,0.409645438194275,0.543210506439209,0.670389533042908,0.738199025392532,0.737970679998398,0.803015321493149,0.677988141775131,0.679751992225647,0.725097179412842,0.678534269332886,0.72565945982933,0.689928978681564,0.835498705506325,0.722592741250992,0.752090081572533,0.983843225985765,0.970227038487792,0.873485669493675
1.00416305381805,0.991889295168221,0.984687690623105,0.967109687626362,0.99538543401286,0.99272792879492,0.944665387272835,1.06419031322002,0.757453009486198,0.716584771871567,0.791161626577377,0.84570686519146,0.686952143907547,0.645356327295303,0.716904550790787,0.663138538599014,0.75625179708004,0.639892309904099,0.809794574975967,0.734715014696121,1.04977343976498,0.90693573653698,0.894603811204433,0.961282379925251,0.943080019205809,0.769965618848801,0.743048638105392,0.837684348225594,0,0.648155510425568,0.51392450928688,0.598693668842316,0.739703953266144,0.699197351932526,0.849751204252243,1.00751593289897,1.08839705586433,1.07529676705599,1.07225105166435,0.987723936326802,0.860711812973022,0.718740791082382,0.781400457024574,0.771132245659828,0.628137588500977,0.603311777114868,0.572190761566162,0.709818005561829,0.760320037603378,0.862925857305527,0.833366692066193,0.804513722658157,0.94980302080512,0.935044310986996,1.0637386366725,1.06652291119099,0.961372200399637,0.843696981668472,0.861289665102959,0.738988697528839
0.708751767873764,0.734946966171265,0.637152254581451,0.649195373058319,0.627291440963745,0.557849317789078,0.737931907176971,0.701093256473541,0.590108513832092,0.522495299577713,0.763639152050018,0.561463981866837,0.628079324960709,0.650688976049423,0.932940676808357,0.414089798927307,0.503194868564606,0.717438727617264,0.956165727227926,0.674773186445236,0.826014310121536,0.6423699259758,0.651895940303802,0.697095990180969,0.713719755411148,0.669815361499786,0.448890864849091,0.723319709300995,0.648155510425568,0,0.827959984540939,0.586736738681793,0.519271641969681,0.547071754932404,0.59574568271637,0.787878692150116,0.887963004410267,0.80718857049942,1.16688872873783,0.913606345653534,0.802257791161537,0.726771384477615,0.741900742053986,0.573379814624786,0.619875371456146,0.516177356243134,0.614651411771774,0.784594833850861,0.877420984208584,0.609928578138351,0.925415940582752,0.894645124673843,0.740548461675644,0.984306007623672,0.848504394292831,0.733701050281525,0.841301217675209,1.13851362466812,0.945213072001934,0.891708761453629
1.19602377712727,1.1644798964262,1.19859108328819,1.16852131485939,1.0550544783473,1.08557017892599,0.820680215954781,1.12281088531017,0.811813861131668,0.697118252515793,0.836732193827629,0.928517825901508,0.745589643716812,0.57324555516243,0.53112319111824,0.864289835095406,0.894715435802937,0.737830340862274,0.681057274341583,0.693171679973602,1.13674676418304,0.844159707427025,0.964987553656101,1.0133531363681,1.00193688238505,0.740112155675888,0.773062825202942,0.863339990377426,0.51392450928688,0.827959984540939,0,0.764151394367218,0.968283638358116,0.951321199536324,1.02610114775598,1.15797577798367,1.14129732549191,1.22958320379257,1.00403378345072,1.07297809422016,0.803226515650749,0.652272522449493,0.776420921087265,0.93554326146841,0.514710307121277,0.89476028829813,0.449070274829865,0.697765529155731,0.651861369609833,0.946461029350758,0.612274408340454,0.660954833030701,1.06264619529247,0.976971479132771,1.11702191829681,1.08096873760223,1.10417483747005,0.903013579547405,0.927875459194183,0.837699502706528
0.854846149682999,0.849722027778625,0.859615981578827,0.857915192842484,0.950376357883215,0.879667177796364,1.00044015207095,1.00717928633094,0.692617475986481,0.664831191301346,0.735545068979263,0.699133217334747,0.728428453207016,0.605248034000397,0.822694644331932,0.533236026763916,0.690820544958115,0.64186754822731,0.816596150398254,0.726146876811981,1.02418317086995,0.94592509418726,0.888761296868324,0.982742730528116,0.913764819502831,0.782414063811302,0.725488901138306,0.82799506187439,0.598693668842316,0.586736738681793,0.764151394367218,0,0.684747844934464,0.720395237207413,0.699795424938202,0.860995918512344,0.921717919409275,0.896894313395023,1.08557623624802,0.88633069396019,0.857599779963493,0.759980887174606,0.786473244428635,0.63433849811554,0.704312443733215,0.586380630731583,0.645199298858643,0.725477576255798,0.752816736698151,0.777321591973305,0.972635768353939,0.844825923442841,0.859562650322914,0.91846176981926,0.936399094760418,0.978244865313172,0.956781499087811,0.9248948097229,0.873024716973305,0.702468901872635
0.680127412080765,0.655228734016418,0.615907788276672,0.626965433359146,0.71302455663681,0.658570945262909,0.850986763834953,0.727804213762283,0.673898696899414,0.652571827173233,0.684063076972961,0.626966238021851,0.776576831936836,0.866599127650261,1.05464431643486,0.527723520994186,0.392239391803741,0.460811376571655,0.825555726885796,0.680285751819611,0.726682782173157,0.808621168136597,0.674798190593719,0.73574236035347,0.731412261724472,0.815487891435623,0.596838444471359,0.688806146383286,0.739703953266144,0.519271641969681,0.968283638358116,0.684747844934464,0,0.477828860282898,0.527172684669495,0.669717252254486,0.843981266021729,0.682826399803162,1.13132141530514,0.747072875499725,0.826250091195107,0.796245127916336,0.723356068134308,0.583751976490021,0.811604931950569,0.554099977016449,0.851427868008614,0.889786794781685,0.73423570394516,0.576821237802505,0.919927790760994,0.843858674168587,0.65328574180603,0.891129851341248,0.799953609704971,0.75184591114521,0.743144899606705,0.935578636825085,0.822359517216682,0.813857674598694
0.67870768904686,0.717766106128693,0.632699757814407,0.628547042608261,0.775134667754173,0.738561749458313,0.880873449146748,0.779131814837456,0.704318732023239,0.740028381347656,0.827923074364662,0.720260083675385,0.784841969609261,0.876859083771706,1.1327613145113,0.516726613044739,0.604609578847885,0.566479831933975,0.912352234125137,0.747429400682449,0.786293476819992,0.824318036437035,0.734438389539719,0.808556497097015,0.723937958478928,0.966322891414165,0.67742782831192,0.878389127552509,0.699197351932526,0.547071754932404,0.951321199536324,0.720395237207413,0.477828860282898,0,0.670792520046234,0.737849116325378,0.920091517269611,0.75561711192131,1.04756054654717,0.937363043427467,0.925826318562031,0.910794071853161,0.924155369400978,0.704856693744659,0.85754531621933,0.609698981046677,0.890973284840584,0.867943704128265,0.871974959969521,0.70269188284874,0.991132912226021,0.972483158111572,0.844151198863983,1.10042133182287,0.968430068343878,0.886260703206062,0.820433020591736,0.901763580739498,0.784374445676804,0.833158001303673
0.741525173187256,0.688550502061844,0.734485238790512,0.706661373376846,0.789071157574654,0.670417904853821,0.959153674542904,0.800945669412613,0.81674362719059,0.77180977165699,0.589292049407959,0.663056999444962,1.05903610959649,0.991575469262898,1.17971287667751,0.619331359863281,0.36911678314209,0.582887232303619,0.922051981091499,0.745570421218872,0.774905055761337,0.925533264875412,0.775666117668152,0.705092668533325,0.93708336353302,0.699368804693222,0.649557441473007,0.646821022033691,0.849751204252243,0.59574568271637,1.02610114775598,0.699795424938202,0.527172684669495,0.670792520046234,0,0.539498388767242,0.856302380561829,0.668245583772659,1.23819187283516,0.680600374937057,0.954772286117077,0.849574446678162,0.732128530740738,0.719507902860641,1.02027867361903,0.685619831085205,1.05193731188774,1.02619614824653,0.632070511579514,0.515351444482803,0.925454787909985,0.805710271000862,0.427009999752045,0.817220658063889,0.720072031021118,0.801527351140976,0.849756523966789,1.10758975148201,0.98108927346766,0.902553558349609
0.739491283893585,0.699966162443161,0.681251555681229,0.673159718513489,0.696131527423859,0.669246882200241,0.933788061141968,0.681890964508057,0.729986518621445,0.887037880718708,0.84214349091053,0.659745424985886,0.887959249317646,1.12730802595615,1.02112653665245,0.664944052696228,0.469906628131866,0.707802057266235,0.752745643258095,0.644220352172852,0.760025024414062,0.842551782727242,0.751653119921684,0.739926874637604,0.759938880801201,0.846037849783897,0.871885284781456,0.796767115592957,1.00751593289897,0.787878692150116,1.15797577798367,0.860995918512344,0.669717252254486,0.737849116325378,0.539498388767242,0,0.700431019067764,0.59225857257843,0.853490769863129,0.767299056053162,0.795563504099846,1.02136910334229,0.846781894564629,0.667407125234604,1.07704693824053,0.778773680329323,1.1124619320035,0.807774886488914,0.653862327337265,0.439162254333496,0.770207419991493,0.720104932785034,0.731570512056351,0.852951794862747,0.713855296373367,0.704020828008652,0.666585564613342,1.04004215449095,0.891724795103073,0.889579467475414
0.734257847070694,0.780264899134636,0.705404222011566,0.727352619171143,0.737047761678696,0.683591723442078,0.941639617085457,0.701413989067078,0.737056642770767,0.798071950674057,0.944824144244194,0.691784560680389,0.830684944987297,1.01920822821558,1.00193908729125,0.786086410284042,0.710830837488174,0.953454170376062,0.959156420081854,0.925441883504391,0.830313712358475,0.781833454966545,0.752821937203407,0.79537470638752,0.809719860553741,0.957220293581486,0.880969904363155,0.848563656210899,1.08839705586433,0.887963004410267,1.14129732549191,0.921717919409275,0.843981266021729,0.920091517269611,0.856302380561829,0.700431019067764,0,0.580295830965042,0.766115888953209,0.642040580511093,0.787698984146118,1.02087003365159,0.858975425362587,0.704756766557693,1.02797180786729,0.928876824676991,1.03850077837706,0.923650354146957,0.97643387503922,0.782517313957214,1.0622400790453,0.893187634646893,0.732513815164566,0.752904117107391,0.543810278177261,0.598066359758377,0.779642626643181,1.19861148297787,0.956161428242922,0.994063707999885
0.659008949995041,0.63910847902298,0.641904920339584,0.634820193052292,0.762188374996185,0.692057132720947,0.980876198038459,0.710056960582733,0.830274373292923,0.940536171197891,0.831781953573227,0.688032209873199,0.932028561830521,1.17952367663383,1.16636310517788,0.708539187908173,0.704889208078384,0.881113141775131,1.06643667817116,0.973299082368612,0.675999522209167,0.951986566185951,0.798855125904083,0.770840436220169,0.71817272901535,0.992142285220325,0.937166094779968,0.871219828724861,1.07529676705599,0.80718857049942,1.22958320379257,0.896894313395023,0.682826399803162,0.75561711192131,0.668245583772659,0.59225857257843,0.580295830965042,0,0.82355372607708,0.49363899230957,0.87222546339035,1.06273405253887,0.920066468417645,0.753779649734497,1.19667775928974,0.752791061997414,1.22420780360699,0.945783901959658,0.950619924813509,0.71062558889389,1.17379419505596,1.05737200379372,0.447296559810638,0.799236431717873,0.568298071622849,0.412471234798431,0.685805857181549,1.03937676548958,0.868419677019119,0.940758641809225
1.12252108752728,1.09950347989798,1.10546860098839,1.08274529874325,0.978755656629801,1.0746833011508,0.962406475096941,0.985981146804988,0.946384828537703,1.08717975020409,1.02658876031637,1.00605361908674,0.846998080611229,1.03045179694891,0.761048093438148,1.0617215000093,1.11077450960875,1.05395052954555,0.858401343226433,0.883138477802277,1.00951109454036,0.921393424272537,1.04969406500459,1.06913443654776,0.791272297501564,1.03842581436038,1.19254943728447,1.13986165821552,1.07225105166435,1.16688872873783,1.00403378345072,1.08557623624802,1.13132141530514,1.04756054654717,1.23819187283516,0.853490769863129,0.766115888953209,0.82355372607708,0,0.885302670300007,0.769469052553177,0.991458622738719,1.0214845854789,0.968035090714693,1.01234226860106,0.974716821685433,0.994931402616203,0.650968223810196,0.903226993978024,0.920313470065594,0.836137771606445,0.940935373306274,0.980396367609501,0.887689180672169,0.683277279138565,0.77672652900219,1.0347641184926,1.0215718280524,0.967613574117422,1.0260285846889
0.794773906469345,0.762923881411552,0.827282965183258,0.812260523438454,0.895603440701962,0.850415945053101,0.992211438715458,0.842600107192993,0.940977916121483,0.963295910507441,0.875194035470486,0.791663885116577,0.970098840072751,1.0371970385313,0.980308845639229,0.84697100520134,0.717709630727768,0.797005712985992,0.919431902468204,0.913864657282829,0.782965093851089,1.01571175269783,0.842056542634964,0.814954817295074,0.9258166924119,0.932292796671391,0.986111773177981,0.830578118562698,0.987723936326802,0.913606345653534,1.07297809422016,0.88633069396019,0.747072875499725,0.937363043427467,0.680600374937057,0.767299056053162,0.642040580511093,0.49363899230957,0.885302670300007,0,0.916091352701187,1.02393034473062,0.845331475138664,0.856102213263512,1.07270319014788,0.834989354014397,1.04599375277758,0.952469758689404,0.875137262046337,0.775382861495018,0.997604507952929,0.885056912899017,0.449442744255066,0.457560420036316,0.455628991127014,0.555202901363373,0.789097413420677,0.921229928731918,0.946248553693295,0.846127390861511
0.919191934168339,0.848650872707367,0.814901724457741,0.825653001666069,0.604588210582733,0.706010162830353,0.736729502677917,0.730720102787018,0.403584718704224,0.39485502243042,0.523950815200806,0.475943744182587,0.553729951381683,0.773287087678909,0.534026831388474,0.847645565867424,0.641209542751312,0.733886122703552,0.633558809757233,0.542851805686951,0.86436440050602,0.579194247722626,0.741669654846191,0.77459354698658,0.411413431167603,0.458338439464569,0.558035731315613,0.677224665880203,0.860711812973022,0.802257791161537,0.803226515650749,0.857599779963493,0.826250091195107,0.925826318562031,0.954772286117077,0.795563504099846,0.787698984146118,0.87222546339035,0.769469052553177,0.916091352701187,0,0.489092350006104,0.347139418125153,0.35682213306427,0.612591475248337,0.819949239492416,0.640963762998581,0.518158167600632,0.661941468715668,0.687361091375351,0.664744943380356,0.636527925729752,1.0022448701784,0.781790018081665,0.90654294937849,0.662159949541092,0.85909566283226,1.04455606639385,1.01031653769314,0.914613470435143
1.05339463055134,0.89644517749548,0.975705504417419,0.946808148175478,0.802727460861206,0.844471037387848,0.759783267974854,0.931437730789185,0.575047016143799,0.385378897190094,0.367766141891479,0.61642724275589,0.765261292457581,0.658199340105057,0.703152179718018,0.892334990203381,0.70959085226059,0.700767934322357,0.827301859855652,0.706385791301727,0.943497490137815,0.685279548168182,0.833042949438095,0.828078359365463,0.58215543627739,0.351199150085449,0.462051749229431,0.632346391677856,0.718740791082382,0.726771384477615,0.652272522449493,0.759980887174606,0.796245127916336,0.910794071853161,0.849574446678162,1.02136910334229,1.02087003365159,1.06273405253887,0.991458622738719,1.02393034473062,0.489092350006104,0,0.356715500354767,0.492492973804474,0.598950147628784,0.715434193611145,0.584948778152466,0.709704548120499,0.663908958435059,0.804042547941208,0.696728080511093,0.729030430316925,0.865285232663155,0.784625574946404,0.968136362731457,0.81022210419178,0.999926826872979,0.964180279523134,1.01619957014918,0.858362883329391
0.912086308002472,0.758637458086014,0.814774140715599,0.833525866270065,0.667524427175522,0.737752109766006,0.802937522530556,0.800560623407364,0.510160803794861,0.360896527767181,0.389236271381378,0.407301962375641,0.69568994641304,0.735867112874985,0.665749669075012,0.815934643149376,0.533998638391495,0.608862161636353,0.715014696121216,0.600635915994644,0.853779181838036,0.680257260799408,0.728851526975632,0.72200682759285,0.539945513010025,0.374472856521606,0.46288275718689,0.409645438194275,0.781400457024574,0.741900742053986,0.776420921087265,0.786473244428635,0.723356068134308,0.924155369400978,0.732128530740738,0.846781894564629,0.858975425362587,0.920066468417645,1.0214845854789,0.845331475138664,0.347139418125153,0.356715500354767,0,0.363551139831543,0.618100970983505,0.726857662200928,0.651263386011124,0.683909326791763,0.629776149988174,0.677441835403442,0.684639304876328,0.623664647340775,0.805208384990692,0.665770828723907,0.886350557208061,0.714473009109497,0.831388533115387,0.969133405014873,0.979312358424067,0.822915300726891
0.707104682922363,0.664602965116501,0.571831345558167,0.597275942564011,0.558004111051559,0.555038213729858,0.815981060266495,0.672247022390366,0.359507381916046,0.334265649318695,0.487806260585785,0.335145175457001,0.577078223228455,0.797611877322197,0.782911509275436,0.557250499725342,0.47338992357254,0.641954243183136,0.793100535869598,0.605676740407944,0.798811584711075,0.622163683176041,0.648274481296539,0.71571359038353,0.461119949817657,0.511724144220352,0.402841806411743,0.543210506439209,0.771132245659828,0.573379814624786,0.93554326146841,0.63433849811554,0.583751976490021,0.704856693744659,0.719507902860641,0.667407125234604,0.704756766557693,0.753779649734497,0.968035090714693,0.856102213263512,0.35682213306427,0.492492973804474,0.363551139831543,0,0.675461143255234,0.579045712947845,0.666103929281235,0.640313893556595,0.696940392255783,0.571440011262894,0.878858797252178,0.736540377140045,0.844119399785995,0.787730753421783,0.84790875017643,0.682502329349518,0.710654139518738,1.01722854189575,0.898734956979752,0.825440034270287
1.15386809408665,1.10291235148907,1.06250870227814,1.06472778320312,0.817017838358879,0.900224722921848,0.725162029266357,0.982039453461766,0.645787090063095,0.493081212043762,0.765862435102463,0.727279901504517,0.490007519721985,0.459157049655914,0.379654407501221,0.763323858380318,0.687008440494537,0.64335635304451,0.574126154184341,0.473226964473724,1.15218508243561,0.632187992334366,0.844935342669487,0.920609533786774,0.831435665488243,0.616859078407288,0.545607358217239,0.670389533042908,0.628137588500977,0.619875371456146,0.514710307121277,0.704312443733215,0.811604931950569,0.85754531621933,1.02027867361903,1.07704693824053,1.02797180786729,1.19667775928974,1.01234226860106,1.07270319014788,0.612591475248337,0.598950147628784,0.618100970983505,0.675461143255234,0,0.747247874736786,0.246422529220581,0.537572681903839,0.642975956201553,0.837401494383812,0.5495645403862,0.539870738983154,1.11532457172871,0.887622721493244,1.06903904676437,0.944533482193947,0.98094024322927,0.871927633881569,0.922178007662296,0.739564478397369
0.817726865410805,0.724584549665451,0.733726501464844,0.726544708013535,0.710943669080734,0.715692013502121,0.888115949928761,0.794048577547073,0.788661316037178,0.722757458686829,0.694267272949219,0.646939128637314,0.556388229131699,0.651516407728195,0.886072427034378,0.467638969421387,0.622006326913834,0.683748543262482,0.988088919781148,0.744862049818039,0.795776203274727,0.780765175819397,0.732726514339447,0.766453862190247,0.698303818702698,0.767134040594101,0.667352378368378,0.738199025392532,0.603311777114868,0.516177356243134,0.89476028829813,0.586380630731583,0.554099977016449,0.609698981046677,0.685619831085205,0.778773680329323,0.928876824676991,0.752791061997414,0.974716821685433,0.834989354014397,0.819949239492416,0.715434193611145,0.726857662200928,0.579045712947845,0.747247874736786,0,0.709488570690155,0.6162069439888,0.820397034287453,0.663717299699783,0.922913156449795,0.929122865200043,0.712348490953445,0.863549262285233,0.803795009851456,0.760244265198708,0.750249087810516,0.892530046403408,0.846097394824028,0.791492894291878
1.12221547216177,1.09441341459751,1.04905005916953,1.04867927357554,0.825747609138489,0.900451868772507,0.694942027330399,0.983708342537284,0.640082627534866,0.463706970214844,0.816875547170639,0.719515353441238,0.491123020648956,0.376107573509216,0.373847186565399,0.735513180494308,0.70446839928627,0.674183011054993,0.581433951854706,0.462327122688293,1.16885797679424,0.641659528017044,0.851161688566208,0.919548265635967,0.876406408846378,0.587887227535248,0.55377197265625,0.737970679998398,0.572190761566162,0.614651411771774,0.449070274829865,0.645199298858643,0.851427868008614,0.890973284840584,1.05193731188774,1.1124619320035,1.03850077837706,1.22420780360699,0.994931402616203,1.04599375277758,0.640963762998581,0.584948778152466,0.651263386011124,0.666103929281235,0.246422529220581,0.709488570690155,0,0.535320669412613,0.657196432352066,0.832585096359253,0.556343615055084,0.538725554943085,1.10697796195745,0.859193935990334,1.05073985084891,0.953749593347311,1.00674286019057,0.897531159222126,0.939928136765957,0.724532902240753
1.1134841516614,1.01244374364614,1.0231436342001,1.01223858818412,0.772353261709213,0.904920808970928,0.823085501790047,0.919267877936363,0.71202939748764,0.702057003974915,0.770213007926941,0.66167140007019,0.383766353130341,0.654383093118668,0.391731441020966,0.891048431396484,0.760273903608322,0.699567377567291,0.617004454135895,0.487360239028931,1.06150829419494,0.712078750133514,0.876601077616215,0.943060997873545,0.705749601125717,0.694613337516785,0.825889676809311,0.803015321493149,0.709818005561829,0.784594833850861,0.697765529155731,0.725477576255798,0.889786794781685,0.867943704128265,1.02619614824653,0.807774886488914,0.923650354146957,0.945783901959658,0.650968223810196,0.952469758689404,0.518158167600632,0.709704548120499,0.683909326791763,0.640313893556595,0.537572681903839,0.6162069439888,0.535320669412613,0,0.613021194934845,0.741013199090958,0.635475516319275,0.653919965028763,1.08436504751444,0.808274134993553,0.918067373335361,0.825404688715935,0.907092526555061,0.875609770417213,0.942036036401987,0.711901217699051
1.08182159811258,0.95636598393321,1.0175936948508,0.999464954365976,0.858509391546249,0.893205799162388,0.862445056438446,0.951195325702429,0.719666570425034,0.712622284889221,0.616639196872711,0.729902476072311,0.815564766526222,0.838492378592491,0.5919429063797,0.819638431072235,0.451416254043579,0.423479020595551,0.372262716293335,0.38111937046051,0.978823570534587,0.820173487067223,0.855463713407516,0.890982180833817,0.897078529000282,0.597143322229385,0.73601707816124,0.677988141775131,0.760320037603378,0.877420984208584,0.651861369609833,0.752816736698151,0.73423570394516,0.871974959969521,0.632070511579514,0.653862327337265,0.97643387503922,0.950619924813509,0.903226993978024,0.875137262046337,0.661941468715668,0.663908958435059,0.629776149988174,0.696940392255783,0.642975956201553,0.820397034287453,0.657196432352066,0.613021194934845,0,0.524032354354858,0.41681569814682,0.33675092458725,0.836268648505211,0.755301401019096,0.896132342517376,0.889701426029205,0.871097013354301,0.837882786989212,0.901775881648064,0.703111499547958
0.724039435386658,0.654878526926041,0.644196271896362,0.63417786359787,0.598686456680298,0.578897505998611,0.777822881937027,0.639098882675171,0.623910814523697,0.658027768135071,0.776726379990578,0.545850515365601,0.73403924703598,0.920636564493179,0.828725710511208,0.551770627498627,0.321600317955017,0.57358980178833,0.649493187665939,0.464825809001923,0.714868783950806,0.691721946001053,0.659712851047516,0.654505610466003,0.688055783510208,0.627367585897446,0.626274645328522,0.679751992225647,0.862925857305527,0.609928578138351,0.946461029350758,0.777321591973305,0.576821237802505,0.70269188284874,0.515351444482803,0.439162254333496,0.782517313957214,0.71062558889389,0.920313470065594,0.775382861495018,0.687361091375351,0.804042547941208,0.677441835403442,0.571440011262894,0.837401494383812,0.663717299699783,0.832585096359253,0.741013199090958,0.524032354354858,0,0.559757739305496,0.579205304384232,0.744368046522141,0.774687066674232,0.750689297914505,0.675823032855988,0.606938451528549,1.00757327768952,0.869007229804993,0.853277340531349
1.19894002377987,1.08744578063488,1.12634779512882,1.13141906261444,0.819553732872009,0.938985168933868,0.708834320306778,0.912114806473255,0.816186711192131,0.750338494777679,0.87726691365242,0.850691065192223,0.753416165709496,0.720487892627716,0.450803458690643,0.954673159867525,0.595965176820755,0.587852358818054,0.408507168292999,0.346079647541046,1.00309784384444,0.695815771818161,0.848955199122429,0.850827142596245,0.897871114313602,0.597840875387192,0.785214051604271,0.725097179412842,0.833366692066193,0.925415940582752,0.612274408340454,0.972635768353939,0.919927790760994,0.991132912226021,0.925454787909985,0.770207419991493,1.0622400790453,1.17379419505596,0.836137771606445,0.997604507952929,0.664744943380356,0.696728080511093,0.684639304876328,0.878858797252178,0.5495645403862,0.922913156449795,0.556343615055084,0.635475516319275,0.41681569814682,0.559757739305496,0,0.340396761894226,1.05430350080132,0.764794617891312,0.956303365528584,0.896236054599285,0.894664406776428,0.873484387993813,0.970770558342338,0.824695959687233
1.05906341597438,0.978767057880759,0.993437702767551,0.986761471256614,0.788190796971321,0.846542924642563,0.769135102629662,0.882647588849068,0.739134788513184,0.637707561254501,0.80420084297657,0.679578572511673,0.754751905798912,0.755032047629356,0.475631237030029,0.860852092504501,0.491174876689911,0.508103579282761,0.386963367462158,0.304125010967255,0.987557747401297,0.72486624121666,0.809868380427361,0.81871086359024,0.916168227791786,0.582671612501144,0.714028209447861,0.678534269332886,0.804513722658157,0.894645124673843,0.660954833030701,0.844825923442841,0.843858674168587,0.972483158111572,0.805710271000862,0.720104932785034,0.893187634646893,1.05737200379372,0.940935373306274,0.885056912899017,0.636527925729752,0.729030430316925,0.623664647340775,0.736540377140045,0.539870738983154,0.929122865200043,0.538725554943085,0.653919965028763,0.33675092458725,0.579205304384232,0.340396761894226,0,0.959784839302301,0.694576054811478,0.901489317417145,0.90601934492588,0.809409275650978,0.867897212505341,0.891621813178062,0.703675776720047
0.765752524137497,0.712299942970276,0.785125970840454,0.748813837766647,0.830175757408142,0.741694808006287,0.97342967055738,0.81046436727047,0.928998902440071,0.891291365027428,0.674510776996613,0.767971754074097,1.08496148139238,1.02293257974088,1.20906363427639,0.743986994028091,0.62010133266449,0.747374057769775,1.08742129057646,0.979660289362073,0.728218913078308,0.958302434533834,0.77943979203701,0.704436540603638,0.907718166708946,0.825217723846436,0.785811126232147,0.72565945982933,0.94980302080512,0.740548461675644,1.06264619529247,0.859562650322914,0.65328574180603,0.844151198863983,0.427009999752045,0.731570512056351,0.732513815164566,0.447296559810638,0.980396367609501,0.449442744255066,1.0022448701784,0.865285232663155,0.805208384990692,0.844119399785995,1.11532457172871,0.712348490953445,1.10697796195745,1.08436504751444,0.836268648505211,0.744368046522141,1.05430350080132,0.959784839302301,0,0.619176983833313,0.407440900802612,0.529010653495789,0.829167619347572,1.08564987033606,0.963824164122343,0.943664398044348
0.983214646577835,0.840792864561081,0.936396509408951,0.946504589170218,0.842187985777855,0.881570309400558,0.944168012589216,0.885141357779503,0.937136456370354,0.853275671601295,0.789103284478188,0.749222785234451,0.866033837199211,0.930753514170647,0.723174810409546,1.02234019897878,0.667201548814774,0.738530546426773,0.829300820827484,0.785633012652397,0.869815349578857,0.911242112517357,0.832594260573387,0.816952347755432,0.921042300760746,0.650074630975723,0.888602294027805,0.689928978681564,0.935044310986996,0.984306007623672,0.976971479132771,0.91846176981926,0.891129851341248,1.10042133182287,0.817220658063889,0.852951794862747,0.752904117107391,0.799236431717873,0.887689180672169,0.457560420036316,0.781790018081665,0.784625574946404,0.665770828723907,0.787730753421783,0.887622721493244,0.863549262285233,0.859193935990334,0.808274134993553,0.755301401019096,0.774687066674232,0.764794617891312,0.694576054811478,0.619176983833313,0,0.555597871541977,0.570266842842102,0.736955851316452,0.890257813036442,1.05209455639124,0.778349861502647
0.79753141105175,0.789553120732307,0.798568323254585,0.800324529409409,0.772722601890564,0.734431177377701,0.92777106910944,0.751259997487068,0.919171378016472,0.928594037890434,0.864259898662567,0.790109127759933,0.942127574235201,0.995671385433525,0.983403841033578,0.80684357881546,0.73134183883667,0.895525552332401,0.98179349116981,0.903302125632763,0.770655393600464,0.867594420909882,0.790091663599014,0.775397926568985,0.849817842245102,0.903538875281811,0.904655486345291,0.835498705506325,1.0637386366725,0.848504394292831,1.11702191829681,0.936399094760418,0.799953609704971,0.968430068343878,0.720072031021118,0.713855296373367,0.543810278177261,0.568298071622849,0.683277279138565,0.455628991127014,0.90654294937849,0.968136362731457,0.886350557208061,0.84790875017643,1.06903904676437,0.803795009851456,1.05073985084891,0.918067373335361,0.896132342517376,0.750689297914505,0.956303365528584,0.901489317417145,0.407440900802612,0.555597871541977,0,0.510727047920227,0.838899567723274,1.13867442309856,1.02076238393784,1.03384744375944
0.780153840780258,0.710154116153717,0.69807755947113,0.698263496160507,0.587144911289215,0.594353705644608,0.791353210806847,0.62942236661911,0.763281792402267,0.745022743940353,0.792004600167274,0.63530096411705,0.760131105780602,0.949011351913214,0.8830236941576,0.811953395605087,0.638840794563293,0.900082275271416,1.01834734529257,0.853662177920341,0.678582221269608,0.695128411054611,0.690049737691879,0.621807366609573,0.591274261474609,0.708146750926971,0.724584728479385,0.722592741250992,1.06652291119099,0.733701050281525,1.08096873760223,0.978244865313172,0.75184591114521,0.886260703206062,0.801527351140976,0.704020828008652,0.598066359758377,0.412471234798431,0.77672652900219,0.555202901363373,0.662159949541092,0.81022210419178,0.714473009109497,0.682502329349518,0.944533482193947,0.760244265198708,0.953749593347311,0.825404688715935,0.889701426029205,0.675823032855988,0.896236054599285,0.90601934492588,0.529010653495789,0.570266842842102,0.510727047920227,0,0.710259795188904,1.10479416698217,1.09957607090473,1.07074924558401
0.701076239347458,0.644558370113373,0.613894075155258,0.629859179258347,0.657902896404266,0.644465863704681,0.847674071788788,0.642461478710175,0.794665142893791,0.869242310523987,0.953725632280111,0.661407083272934,0.822250857949257,1.08180123567581,0.946405045688152,0.661756128072739,0.629922449588776,0.769580408930779,0.938771460205317,0.799534812569618,0.644792944192886,0.842232972383499,0.689007043838501,0.680644959211349,0.74750429391861,0.866125226020813,0.844262108206749,0.752090081572533,0.961372200399637,0.841301217675209,1.10417483747005,0.956781499087811,0.743144899606705,0.820433020591736,0.849756523966789,0.666585564613342,0.779642626643181,0.685805857181549,1.0347641184926,0.789097413420677,0.85909566283226,0.999926826872979,0.831388533115387,0.710654139518738,0.98094024322927,0.750249087810516,1.00674286019057,0.907092526555061,0.871097013354301,0.606938451528549,0.894664406776428,0.809409275650978,0.829167619347572,0.736955851316452,0.838899567723274,0.710259795188904,0,0.635942548513412,0.45838850736618,0.597301691770554
1.1086328998208,1.00846605561674,1.11648154258728,1.08521522581577,1.19040222465992,1.23393832147121,1.04776811599731,1.18070939183235,1.05872201174498,1.07868917286396,0.972985748201609,1.09033396840096,0.956571031361818,0.948502320796251,0.859954491257668,1.01366386096925,1.01263059210032,0.743300408124924,0.795888349413872,0.881396733224392,1.04576011747122,1.1746890693903,1.08344270288944,1.13083538413048,1.04017999023199,1.03345435485244,1.09097927063704,0.983843225985765,0.843696981668472,1.13851362466812,0.903013579547405,0.9248948097229,0.935578636825085,0.901763580739498,1.10758975148201,1.04004215449095,1.19861148297787,1.03937676548958,1.0215718280524,0.921229928731918,1.04455606639385,0.964180279523134,0.969133405014873,1.01722854189575,0.871927633881569,0.892530046403408,0.897531159222126,0.875609770417213,0.837882786989212,1.00757327768952,0.873484387993813,0.867897212505341,1.08564987033606,0.890257813036442,1.13867442309856,1.10479416698217,0.635942548513412,0,0.516814649105072,0.376029312610626
0.896621376276016,0.899194851517677,0.900431469082832,0.895128153264523,0.993317879736423,0.99164844956249,0.956774853169918,0.955256536602974,0.886017516255379,0.977486152201891,0.976149316877127,0.888083174824715,0.927680991590023,1.03191771358252,0.991786766797304,0.733709454536438,0.911778621375561,0.78693488240242,0.876688495278358,0.852034226059914,0.917042076587677,1.02145082131028,0.917747914791107,0.979989545419812,0.929365262389183,1.09689579904079,1.00535544985905,0.970227038487792,0.861289665102959,0.945213072001934,0.927875459194183,0.873024716973305,0.822359517216682,0.784374445676804,0.98108927346766,0.891724795103073,0.956161428242922,0.868419677019119,0.967613574117422,0.946248553693295,1.01031653769314,1.01619957014918,0.979312358424067,0.898734956979752,0.922178007662296,0.846097394824028,0.939928136765957,0.942036036401987,0.901775881648064,0.869007229804993,0.970770558342338,0.891621813178062,0.963824164122343,1.05209455639124,1.02076238393784,1.09957607090473,0.45838850736618,0.516814649105072,0,0.420460939407349
1.03397169336677,0.943992245942354,1.03169780224562,1.02480060048401,1.04990418627858,1.07434161007404,0.990381099283695,1.08880466222763,0.871552780270576,0.885257542133331,0.833097323775291,0.841398790478706,0.848981946706772,0.882394693791866,0.759114906191826,0.838344037532806,0.779097586870193,0.592648923397064,0.690454959869385,0.648626178503036,1.0799625441432,1.03455926477909,0.946221332997084,1.04293031990528,1.0239556543529,0.837992072105408,0.935733571648598,0.873485669493675,0.738988697528839,0.891708761453629,0.837699502706528,0.702468901872635,0.813857674598694,0.833158001303673,0.902553558349609,0.889579467475414,0.994063707999885,0.940758641809225,1.0260285846889,0.846127390861511,0.914613470435143,0.858362883329391,0.822915300726891,0.825440034270287,0.739564478397369,0.791492894291878,0.724532902240753,0.711901217699051,0.703111499547958,0.853277340531349,0.824695959687233,0.703675776720047,0.943664398044348,0.778349861502647,1.03384744375944,1.07074924558401,0.597301691770554,0.376029312610626,0.420460939407349,0
