0,0.407593412369417,0.436711085228191,0.471250403134402,0.907850090038324,0.896737399799611,0.898138371518655,0.90742492281734,0.945581999750192,0.962206842923401,0.941160794910789,0.975194186563226,0.94965843339154,0.905701092293208,0.933996736786613,0.93448987337971,0.915292645792123,0.923551889316213,0.937199365018669,0.924987655974722,0.942322196890099,0.950206347223985,0.970651201301145,0.973420048717662,0.959228277485691,0.956044965859413,0.8775107988513,0.943462812180725,1.00636960564078,0.969561204999294,0.967642955341919,1.01824684718962,0.955245632068462,0.926521250508527,0.941388418773521,0.960955958694588,0.921624655389812,1.01130022656158,0.938648319688044,0.921590170812456,0.97963938386438,0.977665588567206,0.972217174249751,0.980710475540285,1.01239167810101,0.987324466999228,1.00340265545606,0.994776319249904,0.962175303712724,0.990948472773119,0.961443613809311,0.948520091580262,0.934368097141627,0.940299177005498,0.902005191198129,0.937420373090809,0.951048491576206,0.973048844662885,0.957275464372622,0.884146756539504,0.958667821249579,0.921985267231221,0.968889021762091,0.920332382361721,1.02058933359981,0.982765501251199,0.984453537473688,0.986384187359141,0.981614026153884,1.01533123295766,1.04893096066267,1.00295055174199
0.407593412369417,0,0.315329300855436,0.392371520766978,0.928954884822441,0.898914929375074,0.905002732977035,0.903369070690035,0.958505214034337,0.958677474532797,0.950779954755159,0.961622688888713,0.939356753768245,0.940828542246716,0.956995540233728,0.9348958670591,0.922910986066318,0.932677356995156,0.913469356365453,0.956695899353992,0.96163193838001,0.931327437452992,0.967472239763674,0.9648263723407,0.945094822632187,0.943514555542687,0.875797795915518,0.939100357545406,0.970192435006741,1.00666630750395,0.96082290988758,1.00974640035092,0.993449379702275,0.920998426357356,0.944083424700393,0.964202268166036,0.882432465292694,0.988571600109575,0.956285152342482,0.910845259517062,0.97600986879395,0.950006723507689,0.953074840240884,0.957571310009703,0.944100719032222,0.977427697420899,0.960463299419011,0.949959591934851,0.970386226414436,0.994141160263959,0.963722624673649,0.937248939161097,0.929230621352683,0.94983062356383,0.951728474526548,0.950998295670715,0.932076468415042,0.971144923097136,0.973988971790308,0.88115524029927,0.948277645599721,0.947059698476431,0.936673502889556,0.933962406040374,0.951737984589358,0.962430184337246,0.982690880799329,0.953830285240117,0.937592454459181,0.985883138685169,1.01507938307768,0.977486008368236
0.436711085228191,0.315329300855436,0,0.45064756646573,0.935235639774322,0.920786326024988,0.920869300017785,0.900010475659474,0.965330269011648,0.996892366154203,0.965844187882481,0.956228355032554,0.961305902404677,0.944442138620501,0.946045047009134,0.938734759006309,0.937596589597907,0.922217221617024,0.947341073126716,0.931247809465956,0.97343651038425,0.941037374290623,0.95735227168276,0.960775133182235,0.944092726315126,0.942548710677132,0.904465981268663,0.915349445588387,1.01061145264497,1.00044607251037,0.992753475602738,1.01869640201004,0.976815632771828,0.942952203007845,0.960233760985297,0.961644846590131,0.947719165310531,1.03724933561021,0.951142625648385,0.923638783029853,0.957348243011637,0.955906950374337,0.970503441521586,0.957821793527341,0.984632621229243,1.00759467401795,0.997436673218199,0.983708172698559,0.988291192423276,1.00688859178942,0.963884029550376,0.953291504496049,0.942573892073996,0.944303837637727,0.937855225636078,0.963645485468944,0.965262632106054,0.992700852835497,0.99011806126953,0.898238301708426,0.967800107338838,0.942000529362659,0.946857127714069,0.928474833368793,0.969449572181138,0.985504038756345,0.998292780075607,0.966412139562452,0.926189921415214,1.00965765315522,1.01373092097837,0.999738422077906
0.471250403134402,0.392371520766978,0.45064756646573,0,0.97446257767871,0.922909667342584,0.953170627426465,0.952139514860753,0.937321763055303,0.958586852398089,0.966146519912643,0.986151630135229,0.961601445464798,0.951854001119536,0.94018004954207,0.95437203518825,0.943713353439512,0.960067223578551,0.950595232282441,0.941221329491872,0.984906550272232,0.931797473534449,0.957159900991862,0.944761523080392,0.940206034308282,0.98580072392895,0.913694058873259,0.988383503767073,0.96567942235989,0.992246564465261,0.995263182057704,1.015074619763,1.00349733760564,0.967323955373683,0.974537622771305,0.971388572600396,0.948053354371163,0.981052089045025,0.948431156948655,0.930936778147758,0.98955816745082,0.948523937225267,0.967905653748332,0.966027050526008,0.986745963864325,1.01073633730954,1.00631701493118,0.996778259815681,0.993449147726159,0.985117130808329,0.982724328768538,0.94395807126462,0.950013823089446,0.947327856379561,0.95030421977271,0.942419651798058,0.968522426442157,0.983424620146045,0.969572054656263,0.881319329074831,0.946322851955705,0.93806884851913,0.919141270013637,0.921005196562517,0.963667135704951,0.99017113736188,0.97255340879285,0.93086908914449,0.954563374496233,1.01821646090174,1.00340644250039,1.0061148397305
0.907850090038324,0.928954884822441,0.935235639774322,0.97446257767871,0,0.391333056056558,0.478426473113725,0.352891923850045,0.954669912493796,0.954473664928213,0.927033376508303,0.933986127756096,0.930688993264981,0.90454109433875,0.906289736559792,0.959853494797215,0.97158844195477,0.938605897625657,0.945503432417506,0.918668702666892,0.941354926535447,0.917906044431045,0.961667483378108,0.962077112055127,0.5231653119831,0.535391603459016,0.460823811697931,0.432983301461131,0.992688012188718,0.96095015595444,0.964414545122827,0.931305307879225,0.902052619369173,0.924889054030029,0.960168197377383,0.946861407441054,0.903913144717439,0.975312306648529,0.998065056716701,0.937108289133716,0.970702602370001,0.969103109907913,0.93662549244442,0.957766749683544,0.957847958156568,0.957374172827275,0.987683655665552,0.963783860707073,0.942031995793715,0.942053740082508,0.925451508095272,0.943044462297159,0.939115282796833,0.921558396093027,0.930218594500724,0.93126925046689,0.976217453564365,0.92307469289655,0.94983090532883,0.906422643025637,0.987779371079488,0.913441507708285,0.93636233661296,0.967142621017192,0.963404048778514,0.935311061568889,0.946161313713135,0.933369068783078,0.958099729658622,0.960524732329207,1.01364166942431,0.962168244520979
0.896737399799611,0.898914929375074,0.920786326024988,0.922909667342584,0.391333056056558,0,0.441637657646523,0.438340337965862,0.926916547768671,0.938539034962478,0.907482260290801,0.928928262682196,0.952047752781822,0.942909630833791,0.936346690002475,0.936397536071492,0.94964114353212,0.918673732597917,0.925917737874505,0.930955338906011,0.970216732160302,0.935979058255919,0.964246677159884,0.958654024842847,0.596647818505919,0.547457453692149,0.46920287141474,0.470219905617662,0.963565389652054,0.946240785176685,0.930700428865191,0.953943021974546,0.87572392159757,0.922653265418842,0.96999323507248,0.952560106833261,0.924347052988961,0.945322561030027,0.998704255908457,0.912128283189277,0.959170805981783,0.980336790093601,0.958559897600161,0.954508420507597,0.953896946742774,0.977776901439824,0.960881310562619,0.951462052291496,0.910641309128705,0.916619281325202,0.902384103582907,0.947075573263079,0.923643199340591,0.932156315150844,0.939278643308186,0.943225161097003,0.94887424941195,0.941754417694634,0.948645266439444,0.904401175460321,0.993720858383338,0.926518842830186,0.928006246367821,0.963588344692889,0.973901749774119,0.952927161405101,0.958852230536335,0.939390340587578,0.975524130731287,0.987718632310304,1.0014899449969,0.978563424641248
0.898138371518655,0.905002732977035,0.920869300017785,0.953170627426465,0.478426473113725,0.441637657646523,0,0.418097956540851,0.984559942276308,0.973441189434343,0.946490360663204,0.951742407509849,0.93050833914159,0.961067627872475,0.941811332193456,0.964638667957748,0.965540150349409,0.949484914564983,0.951725074238582,0.964152245741662,0.947821231842547,0.960548526224666,0.964271535812599,0.947731324960674,0.625583385897028,0.551392661054735,0.529297121302154,0.415638402927012,1.0034747218875,0.972988772494719,0.985642633357287,0.97392241582856,0.90514891629662,0.920512833537812,0.988004652842475,0.932900500469285,0.924884945438645,0.957345277995739,0.969942489698296,0.942356151419228,0.972465887432843,0.965921382156575,0.995706369739784,0.936888536578378,0.953913756838672,0.997042326614638,1.00736309280084,0.991266357457389,0.96848379188857,0.968022531889115,0.95609042479546,0.933551524538668,0.941922193207196,0.943107884201484,0.939020017516092,0.933839042223107,0.942323678955715,0.973928508361274,0.940260722609245,0.917098886880433,0.96873485638584,0.933931327950549,0.953967240425997,0.967680020109754,0.998322761717458,0.982958319144056,1.00366647422673,0.986881218631228,0.975974600516715,0.973345311208805,1.01028624060297,0.978710472496299
0.90742492281734,0.903369070690035,0.900010475659474,0.952139514860753,0.352891923850045,0.438340337965862,0.418097956540851,0,0.98318142218789,0.966304282549907,0.949415219655218,0.954685338985908,0.925647738498151,0.931848692081161,0.91289720479028,0.94611695258158,1.00129176328149,0.936916278329127,0.953385906842124,0.955797125714647,0.938187981811078,0.939782601876803,0.952904544868408,0.954707196036613,0.691555628819472,0.509752126112113,0.451468585991806,0.410595102954975,0.975295585651286,0.977468041900297,0.971334913698744,0.974148097276932,0.903743604289242,0.945908182661179,0.959275376876786,0.931396433022684,0.913159942231666,0.979025557233699,0.987247194190659,0.943530438993434,0.952289494942594,0.993701722962901,0.977190039747009,0.921347378198221,0.968432927608053,0.983429191027728,1.00527621201363,0.979327747793015,0.970995167882076,0.98257882327217,0.958615844911921,0.942217676765147,0.923353497224323,0.907151042779192,0.932893022062964,0.943679982227997,0.95835923387345,0.961454120711023,0.951176488495076,0.896928100443136,0.966302467548572,0.927001708902719,0.92241428133134,0.943648432449673,1.00602608293935,0.975002703453971,0.987471994290625,0.945026518328234,0.96015546162324,0.988576676619394,1.00432121975395,0.962712375194306
0.945581999750192,0.958505214034337,0.965330269011648,0.937321763055303,0.954669912493796,0.926916547768671,0.984559942276308,0.98318142218789,0,0.583769731209514,0.62827925559006,0.63296085138968,0.961530158666906,0.940367860830469,0.96480499935676,0.979406004607669,0.955852663134566,0.989271575117163,0.955111864978007,0.952444075415353,0.971193177064527,0.941653590468406,0.972220469693111,0.963249483764362,0.967606379806215,0.986932715021558,0.948238892836878,0.979536627566315,0.827124202062619,0.597007270255843,0.609842158125634,0.668954230228076,0.959189565934093,0.958060451170305,1.01201208948407,0.975544067916968,0.953579786699638,1.00555092204273,1.00211740964916,0.970808022886273,0.979575268905987,0.987782767774603,0.951270175402737,0.941584339283391,0.963221602410054,0.950909041458919,0.992923687308163,0.94432469556416,0.623107611867888,0.558618432544841,0.601905178841427,0.679367083124503,0.961633310528654,0.961233774546538,0.927935047490088,0.99095373077552,0.959144963551101,0.982660210004042,0.986290466325495,0.945615159465896,0.969344118167979,0.952680817349139,0.937990634220562,0.952519354004398,0.979506368728202,0.979012653962892,0.950699588918448,0.949024709820439,1.02563222954914,1.00863438342948,1.02376476160159,1.03160852467445
0.962206842923401,0.958677474532797,0.996892366154203,0.958586852398089,0.954473664928213,0.938539034962478,0.973441189434343,0.966304282549907,0.583769731209514,0,0.569408966467438,0.473362662421924,0.983267240070724,0.995351994851952,0.9785005619723,0.997760785744151,0.956975490254661,0.96796665660511,0.933582121200391,0.931052082732944,0.965991939794978,0.965880720626609,0.965035384410966,0.985696955959578,0.994157107586695,0.977164470421158,0.947949203243247,0.978866929281606,0.629598152757542,0.645649974858332,0.596616041325367,0.625655093714424,0.997636413790446,0.976659034342933,1.02143574151154,0.98375970629725,0.978234504699809,0.962010265649313,0.973872701727176,0.944169845733768,1.01462935257468,0.977428114759354,0.963256744060888,0.989769726067251,0.958833836091573,0.958589442548769,0.979973190961511,0.947327277509326,0.61114441224574,0.467537629117422,0.545325233940185,0.64209495046641,0.976297761600032,0.98526324257481,0.998871168991814,0.992085568057874,0.971158092362073,0.943156643724007,0.969374662592012,0.928281836912487,1.00015049962199,0.980524678516079,0.960457513180006,0.971464994911835,0.951181785120166,0.980030491982089,0.948173532664609,0.926769126085619,0.984388036736316,0.965255062834329,0.984408777206524,0.965781230336371
0.941160794910789,0.950779954755159,0.965844187882481,0.966146519912643,0.927033376508303,0.907482260290801,0.946490360663204,0.949415219655218,0.62827925559006,0.569408966467438,0,0.619438707250433,0.989863094596434,0.949372047439105,1.00574238412952,0.997906503772156,0.94031893510821,0.951277129856131,0.929173324084269,0.961239391943105,0.968978464023915,0.976916420917145,0.975292985776695,0.997229769793022,0.977505132832105,0.965761005446191,0.940225719711445,0.955619637055295,0.680831783955655,0.640688897964778,0.570415855480111,0.744937353546871,0.995171293717923,0.99563101624178,0.999567798238779,0.988591449583443,0.956740791262422,0.969792987082806,0.999512604993145,0.961429176777088,1.05100834297967,0.960437709049734,0.943516540645582,0.954531235747776,1.00222988420472,0.983160007949044,0.971231940330176,0.975536904413497,0.541257643939665,0.574879917339398,0.445349674864208,0.659490384475089,0.999967168485929,0.979604946213102,0.966876357953884,0.989930554802028,0.943628644413015,0.954383118380975,0.98461113430056,0.937532386634128,1.00087379821243,0.966760318524891,0.968634667494963,0.977398076962802,0.999397167891776,0.998764670121102,0.956316853416658,0.969491528845028,0.96645081002395,0.951775215467399,0.993939056455465,0.947254879118296
0.975194186563226,0.961622688888713,0.956228355032554,0.986151630135229,0.933986127756096,0.928928262682196,0.951742407509849,0.954685338985908,0.63296085138968,0.473362662421924,0.619438707250433,0,0.997049065044698,0.964710364389875,0.969051036176327,0.98049551881246,0.967209763211062,0.97684548347065,0.964850059360378,0.947934867541086,0.963478119756227,0.973475829310596,0.950982100638902,0.96338649010181,0.940713166368329,0.921109074242923,0.944687001480152,0.951860474841864,0.732863217628173,0.723102078379965,0.635358134989094,0.638238337353684,0.982530768225225,0.990430317686181,0.984180680669711,0.987828480621745,0.980518364807417,0.989547164874618,0.970063606342284,0.975849263253365,0.986857512754433,0.960250655335144,0.938845230416751,0.963507912604836,0.961054205488694,0.971338317160479,0.960967569512432,0.951794237901934,0.624029281204302,0.544628635903063,0.53996189796353,0.676666505294098,0.961909127550853,0.973201775080015,0.977451661790061,0.995752887220427,0.978621932488153,0.969727530388762,1.00042373656153,0.959006515689087,0.972310753423393,0.96872722074631,0.956452043352142,0.985919692274147,0.977340626916324,0.989282134247173,1.00167734269484,0.992619125029741,0.974888047800018,0.969294463077464,0.977331981143065,0.996321984967575
0.94965843339154,0.939356753768245,0.961305902404677,0.961601445464798,0.930688993264981,0.952047752781822,0.93050833914159,0.925647738498151,0.961530158666906,0.983267240070724,0.989863094596434,0.997049065044698,0,0.656440544942357,0.537716686659109,0.5819306308248,0.950701651316285,0.957851457200507,0.935113974520244,0.97765824098519,0.960895379065763,0.954061717041778,0.983135438193428,0.946094658180653,0.948800305904972,0.908745963847707,0.930932768034844,0.965445890288956,0.953176235941517,0.986632234884149,0.964280989529218,0.975995767239497,0.662920727869077,0.574845671204202,0.680876355890916,0.586343900859616,0.933142309202205,0.96584673533091,0.967834854557182,0.956460096991987,0.967924334165219,1.01566308613784,0.978118780314187,0.940049522877083,0.95923079054788,0.961185056789574,0.97664125294048,0.983031105840982,0.975170308845958,0.959049388328707,0.970145193524783,0.976136568492802,0.585546060954037,0.5984601338952,0.614111044174906,0.554809275954088,0.947375787177209,0.962127430116211,0.94969132824752,0.940464512587799,0.970259991905917,0.957464888586108,0.943028534373339,0.965546182610225,0.981553829397221,0.967237388712664,0.96470237518919,0.943550414318603,0.984459688124114,0.962437706833759,0.962982599602909,0.967072644676189
0.905701092293208,0.940828542246716,0.944442138620501,0.951854001119536,0.90454109433875,0.942909630833791,0.961067627872475,0.931848692081161,0.940367860830469,0.995351994851952,0.949372047439105,0.964710364389875,0.656440544942357,0,0.640320572165583,0.681940844678806,0.916907493368649,0.995182010821471,0.94498623069236,0.970665083230051,0.969040720933537,0.932976872507124,0.984185261745978,0.97751042224035,0.956265116880705,0.948069466095094,0.940084537603065,0.970156878975088,0.967023000163215,0.989175447240938,0.951722389221918,0.991045049361597,0.703931775801204,0.787207941229682,0.724509898215048,0.695891853504707,0.92973320542356,0.985778136471773,1.02526038218301,0.943408546339512,0.965859878605426,0.992838327149372,0.943881247542919,0.937344076749084,1.01542438340408,1.00879997817688,1.01187051911336,0.984761673491217,0.972887677811472,0.991657401291319,0.952064054931306,0.96232888722753,0.681622420031925,0.648740912597678,0.635954069952264,0.77958401056103,0.958000546021664,0.970442358386609,1.00897896031763,0.96255613580785,0.973763373731249,0.969884369697606,0.954613847498059,0.93468047721149,1.03124980130672,1.01239803673899,1.00432500202565,1.01350622788764,0.993375750042998,0.981605818004425,1.01394269256344,0.964005455868835
0.933996736786613,0.956995540233728,0.946045047009134,0.94018004954207,0.906289736559792,0.936346690002475,0.941811332193456,0.91289720479028,0.96480499935676,0.9785005619723,1.00574238412952,0.969051036176327,0.537716686659109,0.640320572165583,0,0.461447591499547,0.931913435840633,0.999033139547711,0.978997790800925,0.989629839480233,0.964643439053441,0.940257018629833,0.961156963683985,0.951529277528282,0.944862347006032,0.940782573038583,0.933422273590725,0.965243430807276,0.987277025031439,0.962835900353159,0.961344041295744,0.968095155629874,0.643370313290256,0.632131463214872,0.63517446087774,0.474907168690785,0.936161901855795,0.965651274557258,1.01259785859399,0.981846244222904,1.00993386559698,1.00013587350044,0.968365749581765,0.959233261703308,0.956829707116976,0.958347631550138,0.986630463710612,0.976008030189594,0.992041221371892,0.961407880190911,0.983441799720854,0.934962896354549,0.424796670822179,0.501628864071664,0.636101495183289,0.437072191764563,0.984775100709355,0.980422428102671,0.979786556354078,0.960091342088413,0.966724041080663,0.966700945186038,0.955246063679187,0.967299822046024,0.992718777464,0.968575648552475,0.974964584853845,0.946397546254847,0.996598547224967,0.988964351741478,0.977697200501626,0.983468099434427
0.93448987337971,0.9348958670591,0.938734759006309,0.95437203518825,0.959853494797215,0.936397536071492,0.964638667957748,0.94611695258158,0.979406004607669,0.997760785744151,0.997906503772156,0.98049551881246,0.5819306308248,0.681940844678806,0.461447591499547,0,0.929911338742799,1.00168084073174,0.966137175553486,0.990687011630732,0.997049395124404,0.971562480744182,0.98099800238509,0.976614918785971,0.981356825270877,0.958234522865437,0.964772726275025,0.96699404542878,0.981906876642286,0.985868653201387,0.987095342903018,0.958590258007534,0.665343974212774,0.664564605111654,0.598973133014994,0.592559320812785,0.967831724156715,0.987789339509788,0.995127568175952,0.991341794554275,0.995420235517084,1.01264092695373,0.99203307757543,0.97436489501987,0.969794345998876,0.992132981455297,0.994540109238706,0.973341046138463,0.977482103265543,0.976262902557837,0.983865628113135,0.951441688204635,0.50324834941651,0.499966898883151,0.57210312862427,0.509050988768805,0.948542983468002,1.00568023163948,0.965125415896973,0.948439685782053,0.971780676644552,0.980005785299228,0.955146278167581,0.995456605230692,1.01013143410182,0.97959058338477,1.01946092331941,0.986780971655489,1.02758059288853,1.0006384296817,0.997198352395114,0.994595223860146
0.915292645792123,0.922910986066318,0.937596589597907,0.943713353439512,0.97158844195477,0.94964114353212,0.965540150349409,1.00129176328149,0.955852663134566,0.956975490254661,0.94031893510821,0.967209763211062,0.950701651316285,0.916907493368649,0.931913435840633,0.929911338742799,0,0.557103072316113,0.57131975786079,0.656248104766098,0.962912292918192,0.965209859064049,1.00505734059896,0.987708783726399,1.00031999199799,0.976306005878092,0.95440687200788,0.959637195963682,0.981666921579148,0.992550336523619,0.955635517297498,0.986705864765815,0.924826929572686,0.937917409041431,0.917516381510605,0.966790176411295,0.672003731094656,0.820546584461089,0.684663199127408,0.621619832037864,0.965231020998181,0.958906049137328,0.94951095714086,0.937895180509253,0.984412220041008,0.974796774057902,0.989991999024245,0.974817282813933,0.912367366177377,0.942058469715776,0.941187051556337,0.97350272092849,0.934395078998293,0.934439725884538,0.943143728342896,0.9615033379413,0.554521371845107,0.7814632693594,0.634988328642574,0.656368974763946,0.985331596056534,0.953276289593875,0.975298038431612,0.948718334107441,0.988460481686904,0.963467320689927,0.953572511269321,0.962373989154258,0.989011762922126,1.00826534432481,1.01243004155152,0.99447572070471
0.923551889316213,0.932677356995156,0.922217221617024,0.960067223578551,0.938605897625657,0.918673732597917,0.949484914564983,0.936916278329127,0.989271575117163,0.96796665660511,0.951277129856131,0.97684548347065,0.957851457200507,0.995182010821471,0.999033139547711,1.00168084073174,0.557103072316113,0,0.605414010162241,0.558492968233438,0.966915461450754,0.95060258516603,1.00375321483598,0.983355060379782,0.966143621605198,0.961975825304386,0.950849055120126,0.916998568740872,0.940342661791242,1.02209866472575,0.95421685640552,1.01977043968665,0.952107750911694,0.955153579301767,0.931700841364684,0.988163715497562,0.625319007664686,0.693190244302639,0.597851505318878,0.658333955074429,0.963299815698226,0.969032661595498,0.944221217312729,0.968934337915586,0.98208184508421,0.966493775317576,0.96254888984143,0.981127933532036,0.912685290905799,0.968689513375089,0.917658659295117,0.990085147952948,0.975146169688177,0.979855556756466,0.965522672029915,0.960115573435846,0.592790304141723,0.616945308573771,0.605710165592777,0.747906691278944,0.98720653953772,0.969393901300383,0.967957968813416,0.971562549923417,0.975559691154522,0.969736978070843,0.987531226318843,0.940825421678565,0.954619420697681,0.967524209092682,0.987336509834538,0.981115175157813
0.937199365018669,0.913469356365453,0.947341073126716,0.950595232282441,0.945503432417506,0.925917737874505,0.951725074238582,0.953385906842124,0.955111864978007,0.933582121200391,0.929173324084269,0.964850059360378,0.935113974520244,0.94498623069236,0.978997790800925,0.966137175553486,0.57131975786079,0.605414010162241,0,0.62607191746333,0.957752767823398,0.958307911099419,1.0028170634164,0.967493329079233,0.98688412072354,0.999862859042333,0.927955737022821,0.946420704913555,0.975851313472837,0.982940925921042,0.95641938701613,0.980167270955434,0.944760259193381,0.948710277289902,0.933260462734436,0.987777372721949,0.607314861336557,0.711701152875306,0.6257886546945,0.768340248260235,0.943996100211913,0.997819669095013,0.963175008149842,0.916585533032421,0.952819904409822,0.998012256057417,0.992782190559448,0.976893425246105,0.958123290479372,0.972567463950778,0.93156584382537,0.986458267437359,0.971963246685789,0.97674857958312,0.935192889521094,0.9390721803987,0.560007986293039,0.677342267709932,0.596496644819334,0.585323399988345,0.977093628759943,0.947017042679886,0.938858564050065,0.966561688747063,0.982849760943906,1.00414729022336,0.997306313032624,0.960130175601525,0.93672049185995,0.968562910497783,0.982164488963617,0.946224688422995
0.924987655974722,0.956695899353992,0.931247809465956,0.941221329491872,0.918668702666892,0.930955338906011,0.964152245741662,0.955797125714647,0.952444075415353,0.931052082732944,0.961239391943105,0.947934867541086,0.97765824098519,0.970665083230051,0.989629839480233,0.990687011630732,0.656248104766098,0.558492968233438,0.62607191746333,0,0.974775203105482,0.96363565749827,1.00254997644629,0.985884631702544,0.97482691095446,0.944381848690276,0.961753451001686,0.969369386424579,0.97910225139367,1.00924406484176,0.9707768016885,0.979764276306732,0.945873298167552,0.948196481252329,0.953144543584483,1.00312479002997,0.734121570171336,0.666296026938259,0.605565502745412,0.617446915373134,0.979728965159168,0.9904586268022,0.937885063666727,0.956009565089653,0.96402153903823,0.954096114106895,0.990655133423163,0.964281218079507,0.938312906937632,0.964751380696571,0.938705253725465,1.01169581358689,0.982807352713171,0.987411399873695,0.950632798324955,0.976489359038682,0.672043640238678,0.673013388232356,0.605953079851845,0.653318829877819,0.999727749079314,0.973721856880017,0.942791770121171,0.96819704207199,0.947867276038548,0.980913440173683,0.970722743459846,0.926061054363994,0.93436246921238,0.940896807810089,0.952997260594207,0.955621840871251
0.942322196890099,0.96163193838001,0.97343651038425,0.984906550272232,0.941354926535447,0.970216732160302,0.947821231842547,0.938187981811078,0.971193177064527,0.965991939794978,0.968978464023915,0.963478119756227,0.960895379065763,0.969040720933537,0.964643439053441,0.997049395124404,0.962912292918192,0.966915461450754,0.957752767823398,0.974775203105482,0,0.655779773127193,0.614437850647704,0.628834759147919,0.9789965160386,0.958595654033335,0.94298920979288,0.959863773797791,0.993675373948873,0.948279126353441,0.961401952162174,0.998864069690243,0.990814232452124,0.984682011937536,0.97446923766895,0.950533430240077,0.942215476612092,0.948953987913832,0.982662836692874,0.95971803222412,0.794916482792292,0.652639108155809,0.704607177455362,0.664831708048603,0.964644975521884,0.967577910476982,0.959335917812962,0.964729988160119,0.954330563342836,0.96855766782337,0.98054570600984,0.942767138122924,0.947682776221725,0.937074026511355,0.970833452482712,0.977005792353644,0.956278726289997,0.981229819671048,0.953835335907937,0.972063980065182,0.687242413492303,0.519225581353892,0.596640198688669,0.581602238424317,0.976893954922576,0.970159243068356,0.935162422656403,0.949493086507739,0.964134504132987,0.999173001052237,1.02296136081221,0.960357996186529
0.950206347223985,0.931327437452992,0.941037374290623,0.931797473534449,0.917906044431045,0.935979058255919,0.960548526224666,0.939782601876803,0.941653590468406,0.965880720626609,0.976916420917145,0.973475829310596,0.954061717041778,0.932976872507124,0.940257018629833,0.971562480744182,0.965209859064049,0.95060258516603,0.958307911099419,0.96363565749827,0.655779773127193,0,0.622373462331841,0.634693104966116,0.963691335632055,0.958175718492,0.923858096973018,0.934249841205654,0.982555379372204,0.990474557149647,0.949565965605987,0.949600847640345,0.967889804424103,0.954288878137458,0.942938722803287,0.922327829972596,0.911937391161344,0.938086173687812,0.977397767503168,0.946141631137235,0.748640498360295,0.611419442112157,0.601306040913516,0.598067579134354,0.9647465692207,1.00217850323878,0.9793821616616,0.994199874269145,0.956540853190112,0.942144540696358,0.958487303298677,0.974933041159765,0.93687938898079,0.948257377937663,0.935743056509651,0.947106132413547,0.943274656650157,0.945853388221652,0.983356776761167,0.927654619917864,0.668697928027454,0.546290448546444,0.506033299947572,0.576370945661999,1.01728768431817,0.991681601695396,0.995168919117965,1.00787314771768,0.923852779999413,0.938320898331341,0.95439683765512,0.921512639929829
0.970651201301145,0.967472239763674,0.95735227168276,0.957159900991862,0.961667483378108,0.964246677159884,0.964271535812599,0.952904544868408,0.972220469693111,0.965035384410966,0.975292985776695,0.950982100638902,0.983135438193428,0.984185261745978,0.961156963683985,0.98099800238509,1.00505734059896,1.00375321483598,1.0028170634164,1.00254997644629,0.614437850647704,0.622373462331841,0,0.586572380640044,0.986454039018714,0.958843811747383,0.947602307177752,0.947915229161824,1.00125546849046,0.978547929954911,0.972609239974514,0.960634783894438,0.956556943821182,1.00437388067981,0.984169376171531,0.962427545304926,0.982561536078939,1.00717258435845,0.990118146589935,0.977957798724944,0.757418402178349,0.638054089514638,0.675572159324681,0.64527587861024,0.957082771674027,0.9632783015033,0.967946096770493,0.949237778718238,0.962283031997125,0.948939477770547,0.96271983642956,0.948682883999544,0.952958170959502,0.969233767649448,0.956045122803522,0.940821170090358,0.977755778477265,0.992146584067312,1.00061968422372,0.980861185890221,0.67010645588229,0.51028107099763,0.610137613996485,0.634383953655049,0.977932418526826,0.946954102412523,0.967539341326909,0.974379286849118,0.959363999428568,1.00069455537582,0.989223251004665,0.969443108834897
0.973420048717662,0.9648263723407,0.960775133182235,0.944761523080392,0.962077112055127,0.958654024842847,0.947731324960674,0.954707196036613,0.963249483764362,0.985696955959578,0.997229769793022,0.96338649010181,0.946094658180653,0.97751042224035,0.951529277528282,0.976614918785971,0.987708783726399,0.983355060379782,0.967493329079233,0.985884631702544,0.628834759147919,0.634693104966116,0.586572380640044,0,0.975327061562265,0.983021061586359,0.944520240018351,0.971228195808167,0.9892570093323,0.981210021472254,0.965794514269869,0.97694484674493,0.967707032174348,1.02670478267505,0.989786639788153,0.934102583991612,0.963540838822369,0.966576502189978,1.00177861023202,0.950426915518967,0.711140767668466,0.641919227258505,0.727082624620847,0.626972869982805,0.943938891492435,0.970694153000256,0.940803695320606,0.964671746889961,0.963512748520366,0.943777367796437,0.986001638647288,0.964539432537012,0.934856117639047,0.976537801713966,0.954184069381907,0.970921942065222,0.932646226143098,0.976836319500856,0.974382761253118,0.962392257664931,0.681500243400567,0.576145324667072,0.605494219973594,0.688812041533336,0.984751153328517,0.986911389275924,0.946813007806129,0.96141324553517,0.960108092170613,0.972523974636293,0.974143198899879,0.950217379680945
0.959228277485691,0.945094822632187,0.944092726315126,0.940206034308282,0.5231653119831,0.596647818505919,0.625583385897028,0.691555628819472,0.967606379806215,0.994157107586695,0.977505132832105,0.940713166368329,0.948800305904972,0.956265116880705,0.944862347006032,0.981356825270877,1.00031999199799,0.966143621605198,0.98688412072354,0.97482691095446,0.9789965160386,0.963691335632055,0.986454039018714,0.975327061562265,0,0.663986268982578,0.607621790624487,0.717061241647978,0.991107574393814,0.936954933598325,0.955267800577952,0.98297640495131,0.91721227633432,0.944579002965237,0.954806255063074,0.971366427039082,0.972151012857773,0.970876816866936,0.990083028317452,0.973059560613523,1.00140257461674,0.950534486803074,0.964411705908626,0.96323002789037,0.981656710465072,0.958524861520051,0.963341123079425,0.954939354754365,0.950222193990976,0.960378215898792,0.934885380143044,0.945891253862375,0.969994497678975,0.959029610868213,0.959790077416401,0.941861727508751,1.02057011928036,0.943967127563253,0.999967058162919,0.983541772195888,0.991701126175841,0.965357044236638,0.96257929829575,0.984932701063303,0.939209682377094,0.950743572870086,0.972147406593539,0.950069992983137,0.963850262604572,0.93526254517638,0.962544231699795,0.983164767282701
0.956044965859413,0.943514555542687,0.942548710677132,0.98580072392895,0.535391603459016,0.547457453692149,0.551392661054735,0.509752126112113,0.986932715021558,0.977164470421158,0.965761005446191,0.921109074242923,0.908745963847707,0.948069466095094,0.940782573038583,0.958234522865437,0.976306005878092,0.961975825304386,0.999862859042333,0.944381848690276,0.958595654033335,0.958175718492,0.958843811747383,0.983021061586359,0.663986268982578,0,0.617351440759645,0.55995306273317,1.00862680756213,0.97175500478857,0.97280502315166,0.970195488494255,0.913551522837486,0.930321700360443,0.952356218749834,0.948516647421309,0.968571686022853,0.977674815854643,0.987450696923451,0.961099678205349,0.990473594406442,0.974755255136561,0.958309835485219,0.962363435634615,0.951760939221785,0.99701983430935,1.00698668128922,0.995198322087998,0.968200356359875,0.95093307073102,0.954877430510704,0.983019375002054,0.972882459583478,0.971547451419689,0.94796169272662,0.967331654156341,0.997686483882213,0.988500186866099,0.974211509587542,0.951541913425779,0.994699328481329,0.950238740768756,0.965474404880121,1.0000067015295,0.988172136199679,1.00495495608223,1.0081503148787,0.984865331261983,0.97115839703352,0.993941763753527,1.01992775294904,1.00584769219038
0.8775107988513,0.875797795915518,0.904465981268663,0.913694058873259,0.460823811697931,0.46920287141474,0.529297121302154,0.451468585991806,0.948238892836878,0.947949203243247,0.940225719711445,0.944687001480152,0.930932768034844,0.940084537603065,0.933422273590725,0.964772726275025,0.95440687200788,0.950849055120126,0.927955737022821,0.961753451001686,0.94298920979288,0.923858096973018,0.947602307177752,0.944520240018351,0.607621790624487,0.617351440759645,0,0.608165507407091,0.977021256471921,0.96193360668422,0.952868135637997,0.993131890261957,0.916308161847021,0.926429376561585,0.948076141357403,0.941807655575709,0.9370056869896,0.966840968128803,0.999049149962826,0.929435213876513,0.958299941585623,0.964075458743065,0.942635112429718,0.944424655516877,0.978486477672118,1.01810668627544,1.01589315067529,0.99511997951967,0.943971760124507,0.965942256191957,0.902452751207174,0.92130473704468,0.942148760292454,0.922066967635794,0.948268738856902,0.942610219389583,0.946862943533945,0.95906943087581,0.94764866694628,0.922484309128627,0.955149332083268,0.89979758685865,0.948193072462511,0.950268345353851,1.00315201974787,0.976158262882142,1.00000309099303,0.981574458552611,0.967735701656744,0.970349294644718,0.985174372354288,0.958354978379945
0.943462812180725,0.939100357545406,0.915349445588387,0.988383503767073,0.432983301461131,0.470219905617662,0.415638402927012,0.410595102954975,0.979536627566315,0.978866929281606,0.955619637055295,0.951860474841864,0.965445890288956,0.970156878975088,0.965243430807276,0.96699404542878,0.959637195963682,0.916998568740872,0.946420704913555,0.969369386424579,0.959863773797791,0.934249841205654,0.947915229161824,0.971228195808167,0.717061241647978,0.55995306273317,0.608165507407091,0,1.00061422472771,0.970091318521257,0.971143709178828,0.935685382043878,0.9146067767242,0.952058415064524,0.994029363234444,0.942472988820204,0.921873429237061,0.964483439230866,0.998414967270465,0.929712946352809,0.938140056069613,0.965688072791859,0.962399548478516,0.937183057289118,0.955229360295379,0.98751690170984,0.988508584812287,0.983228982987311,0.981974881211469,0.978815979636422,0.961108980937956,0.981978304311759,0.943811912257719,0.966990223114284,0.955618933339354,0.976521640284103,0.968744370262995,0.977542474784667,0.97319099495785,0.950391181628041,0.952130131489175,0.930833509656402,0.94181815592344,0.95508555723385,0.983953460508133,0.979344821184342,1.01775873102489,0.987929361516606,0.978525231574356,0.994947878115364,1.0199985905165,0.982584901731554
1.00636960564078,0.970192435006741,1.01061145264497,0.96567942235989,0.992688012188718,0.963565389652054,1.0034747218875,0.975295585651286,0.827124202062619,0.629598152757542,0.680831783955655,0.732863217628173,0.953176235941517,0.967023000163215,0.987277025031439,0.981906876642286,0.981666921579148,0.940342661791242,0.975851313472837,0.97910225139367,0.993675373948873,0.982555379372204,1.00125546849046,0.9892570093323,0.991107574393814,1.00862680756213,0.977021256471921,1.00061422472771,0,0.757899951394537,0.774919551551048,0.760404009437815,0.966225427099965,0.980184844762974,0.979589949284278,0.980262768878964,0.959623270967778,0.971691821452328,1.01049826307997,0.972885035781462,1.00636494505052,1.01868130149542,0.982690527754108,0.979287902910419,0.984849897617135,0.999541886314914,0.982572739099283,0.99231875508671,0.696917620400229,0.770070227261182,0.694796917460961,0.74481269409616,0.962293698871592,0.977711859278033,1.0013611856706,1.00548314642901,0.943115544858597,0.955113150090045,0.983818658257699,0.946555638948336,1.01864551907104,1.00797190344953,0.959454018648027,0.968527030086043,0.962692525578852,1.00531946409793,0.971375649587072,0.959866491888591,0.989060061481783,0.995333251979663,0.992624044294921,0.994257384665646
0.969561204999294,1.00666630750395,1.00044607251037,0.992246564465261,0.96095015595444,0.946240785176685,0.972988772494719,0.977468041900297,0.597007270255843,0.645649974858332,0.640688897964778,0.723102078379965,0.986632234884149,0.989175447240938,0.962835900353159,0.985868653201387,0.992550336523619,1.02209866472575,0.982940925921042,1.00924406484176,0.948279126353441,0.990474557149647,0.978547929954911,0.981210021472254,0.936954933598325,0.97175500478857,0.96193360668422,0.970091318521257,0.757899951394537,0,0.635161707104536,0.745633180032917,0.964834040039944,1.0187281812675,1.00438161026877,0.980733461106341,0.949549758584728,0.99446107026314,1.03354316295941,0.975982355949139,1.01259614227661,0.998351794593356,0.993533169897047,0.949417294595776,0.955837644823392,0.933811290435821,0.956998469301739,0.954956759709959,0.672283105919794,0.646593556085743,0.736690901296893,0.666719360103181,0.959258357367823,0.965845157625874,0.949960462477402,0.970065009239628,0.966309357565687,0.973428211453593,0.997257763058794,0.938050304489265,0.971434398144233,0.977483766334133,0.984001843112466,0.985913425132144,0.983193742644731,0.983048922798966,0.96294917375144,0.945753318879839,1.0245892455116,0.993744970292969,1.00648003903819,1.0133914014514
0.967642955341919,0.96082290988758,0.992753475602738,0.995263182057704,0.964414545122827,0.930700428865191,0.985642633357287,0.971334913698744,0.609842158125634,0.596616041325367,0.570415855480111,0.635358134989094,0.964280989529218,0.951722389221918,0.961344041295744,0.987095342903018,0.955635517297498,0.95421685640552,0.95641938701613,0.9707768016885,0.961401952162174,0.949565965605987,0.972609239974514,0.965794514269869,0.955267800577952,0.97280502315166,0.952868135637997,0.971143709178828,0.774919551551048,0.635161707104536,0,0.746091073027022,0.987656582722754,1.0113335167459,0.997257838442605,0.949907849330999,0.951475762991698,0.969693405491748,0.989316033890183,0.964023931388609,0.965745794026325,0.990480277979239,0.954037648583632,0.936041920446816,0.968024616523935,0.961721298797686,0.9519944277235,0.976154824317547,0.523879517554621,0.571904294584062,0.567263809892683,0.540162938114164,0.970664890823091,0.975709171857889,0.980923812127627,0.989680286468422,0.971273835763805,0.960662742886599,0.9844808500257,0.956504307121696,0.985442123564795,0.945196006247489,0.92285739554714,0.9676339927573,0.991556933679025,0.96601942538513,0.965904596893191,0.959731633824944,0.964260538197758,0.953774988500521,0.996088503007487,0.970766676486262
1.01824684718962,1.00974640035092,1.01869640201004,1.015074619763,0.931305307879225,0.953943021974546,0.97392241582856,0.974148097276932,0.668954230228076,0.625655093714424,0.744937353546871,0.638238337353684,0.975995767239497,0.991045049361597,0.968095155629874,0.958590258007534,0.986705864765815,1.01977043968665,0.980167270955434,0.979764276306732,0.998864069690243,0.949600847640345,0.960634783894438,0.97694484674493,0.98297640495131,0.970195488494255,0.993131890261957,0.935685382043878,0.760404009437815,0.745633180032917,0.746091073027022,0,0.973996893944098,0.986688731029522,1.02133104262839,0.984845582027258,0.953423278040005,1.01325275604384,1.02468808743378,0.961744550718838,1.01537422841946,0.963394406997018,0.981806027805485,0.99809149998669,0.945722376829762,0.968720699141667,0.974557494439057,0.96435443307544,0.768990032798539,0.651640570368951,0.766811792090027,0.788277800099976,0.979257101485983,0.966540319360395,0.968751147877334,0.969243038461731,0.979187804396829,0.994884095094969,0.990231570765448,0.979309709818493,0.985036440897725,0.99341240925567,0.95499831727742,0.994127939631997,0.970341616550164,0.983682454908754,0.983079422408983,0.986292166211004,1.01684985924714,0.977087017565071,0.995619119464207,0.993855290575421
0.955245632068462,0.993449379702275,0.976815632771828,1.00349733760564,0.902052619369173,0.87572392159757,0.90514891629662,0.903743604289242,0.959189565934093,0.997636413790446,0.995171293717923,0.982530768225225,0.662920727869077,0.703931775801204,0.643370313290256,0.665343974212774,0.924826929572686,0.952107750911694,0.944760259193381,0.945873298167552,0.990814232452124,0.967889804424103,0.956556943821182,0.967707032174348,0.91721227633432,0.913551522837486,0.916308161847021,0.9146067767242,0.966225427099965,0.964834040039944,0.987656582722754,0.973996893944098,0,0.666908821043318,0.648446132753936,0.726589739440425,0.959858150001664,0.960236674058153,0.956362318585428,0.951913376442483,0.96494320583008,1.01142643034539,0.966652207232513,0.942862286736223,0.999423717575451,0.957000489958437,0.958906078528944,0.95493897125512,0.974278108526194,0.982793728092136,0.987749639435945,0.989337218841475,0.608247734539525,0.670851545927025,0.700903071709032,0.663347707896232,0.961084071758969,0.969839309604939,0.963279916869795,0.94515395851389,0.957469151569526,0.954486678110431,0.983688702079297,0.947077623200774,0.986557061432332,0.962347496295568,0.990756921546479,0.949708066285118,1.02618104495059,0.996518730539313,0.973046696054964,0.993057018249889
0.926521250508527,0.920998426357356,0.942952203007845,0.967323955373683,0.924889054030029,0.922653265418842,0.920512833537812,0.945908182661179,0.958060451170305,0.976659034342933,0.99563101624178,0.990430317686181,0.574845671204202,0.787207941229682,0.632131463214872,0.664564605111654,0.937917409041431,0.955153579301767,0.948710277289902,0.948196481252329,0.984682011937536,0.954288878137458,1.00437388067981,1.02670478267505,0.944579002965237,0.930321700360443,0.926429376561585,0.952058415064524,0.980184844762974,1.0187281812675,1.0113335167459,0.986688731029522,0.666908821043318,0,0.755809315144014,0.662308501747645,0.932366313283012,0.970308813960197,0.946789678398332,0.937477289147163,0.972300887178137,1.02043505234375,0.979984234267496,0.998412382634511,0.9649545753088,0.956247391210306,0.981027804277042,0.973255720892288,0.971160808521201,0.979438727159056,0.970004815996533,1.02007300979822,0.65607820159294,0.671502292475533,0.715400760390869,0.645722352052139,0.937230576374631,0.957192020478644,0.965073908987399,0.975335929356045,0.978490358915576,0.964298625480364,0.974437249637188,0.955210969861206,0.996164352949618,0.973737900966019,0.984458429786052,0.963286107474681,1.02039749471111,0.976481704808045,0.990686166652515,0.9853773201693
0.941388418773521,0.944083424700393,0.960233760985297,0.974537622771305,0.960168197377383,0.96999323507248,0.988004652842475,0.959275376876786,1.01201208948407,1.02143574151154,0.999567798238779,0.984180680669711,0.680876355890916,0.724509898215048,0.63517446087774,0.598973133014994,0.917516381510605,0.931700841364684,0.933260462734436,0.953144543584483,0.97446923766895,0.942938722803287,0.984169376171531,0.989786639788153,0.954806255063074,0.952356218749834,0.948076141357403,0.994029363234444,0.979589949284278,1.00438161026877,0.997257838442605,1.02133104262839,0.648446132753936,0.755809315144014,0,0.780684788128479,0.952823384405845,0.963396524142977,0.976304269427807,0.971316404070644,0.947288863756601,1.00740160621382,0.958457796352696,0.960590783831306,0.936498506481137,0.970979202319579,0.952555818973059,0.964757625364439,1.00300591744973,1.00554909176992,0.972673866428731,0.986723028769863,0.560088743337837,0.645210782876849,0.81369568875073,0.654747813641631,0.968925512955212,0.941675539551231,0.948887768393487,0.973496673924342,0.986127754127135,0.9664769329095,0.955230221182402,0.976248928075453,0.987883176826436,0.973038586544795,0.988786248958286,0.94003597355713,1.00074868853351,0.950461201337361,0.979061597879314,0.965783049804727
0.960955958694588,0.964202268166036,0.961644846590131,0.971388572600396,0.946861407441054,0.952560106833261,0.932900500469285,0.931396433022684,0.975544067916968,0.98375970629725,0.988591449583443,0.987828480621745,0.586343900859616,0.695891853504707,0.474907168690785,0.592559320812785,0.966790176411295,0.988163715497562,0.987777372721949,1.00312479002997,0.950533430240077,0.922327829972596,0.962427545304926,0.934102583991612,0.971366427039082,0.948516647421309,0.941807655575709,0.942472988820204,0.980262768878964,0.980733461106341,0.949907849330999,0.984845582027258,0.726589739440425,0.662308501747645,0.780684788128479,0,0.98106509787945,0.965288892004998,1.02864307306584,0.965374651361665,0.978444658317664,0.992405497590175,0.948503323468119,0.948411532939734,1.00381916183936,0.996967865862626,1.01242732078104,1.04037650985634,0.966519472108227,0.973717861329532,0.990285500186739,0.973002347236445,0.514527592657504,0.677317827134693,0.684259133553862,0.55569631400774,0.955572482195823,0.977062776848978,0.992788670808236,0.979515700072543,0.930612062320276,0.938960924252254,0.933047626698704,0.969244256932231,1.03307952518209,1.01554857009115,1.00638070260477,0.981745143065565,0.968345314683675,0.979501249986906,0.950617675846541,0.970482945880505
0.921624655389812,0.882432465292694,0.947719165310531,0.948053354371163,0.903913144717439,0.924347052988961,0.924884945438645,0.913159942231666,0.953579786699638,0.978234504699809,0.956740791262422,0.980518364807417,0.933142309202205,0.92973320542356,0.936161901855795,0.967831724156715,0.672003731094656,0.625319007664686,0.607314861336557,0.734121570171336,0.942215476612092,0.911937391161344,0.982561536078939,0.963540838822369,0.972151012857773,0.968571686022853,0.9370056869896,0.921873429237061,0.959623270967778,0.949549758584728,0.951475762991698,0.953423278040005,0.959858150001664,0.932366313283012,0.952823384405845,0.98106509787945,0,0.762161039851955,0.728688336927988,0.734404004659867,0.943240847069529,0.989606390707011,0.955426365107448,0.961012920650637,0.997583993584305,1.0223540550417,1.0243894526238,0.998006567394322,0.961662183593378,0.974958815074313,0.961016539603022,0.98292378813294,0.94533357753886,0.953956910152944,0.967709666078139,0.945429341993969,0.568772495539246,0.651610995744561,0.698918736079412,0.620823320897747,0.977214985316698,0.954266825985111,0.92787884523156,0.927067748948028,1.03308226355403,1.01323019428014,0.990915717880147,1.00739577211601,0.978091041399522,0.971963441452814,1.00260302263199,0.972432932867791
1.01130022656158,0.988571600109575,1.03724933561021,0.981052089045025,0.975312306648529,0.945322561030027,0.957345277995739,0.979025557233699,1.00555092204273,0.962010265649313,0.969792987082806,0.989547164874618,0.96584673533091,0.985778136471773,0.965651274557258,0.987789339509788,0.820546584461089,0.693190244302639,0.711701152875306,0.666296026938259,0.948953987913832,0.938086173687812,1.00717258435845,0.966576502189978,0.970876816866936,0.977674815854643,0.966840968128803,0.964483439230866,0.971691821452328,0.99446107026314,0.969693405491748,1.01325275604384,0.960236674058153,0.970308813960197,0.963396524142977,0.965288892004998,0.762161039851955,0,0.810500305191335,0.852141971328924,0.977707314391121,0.935704675366689,0.954470993205709,0.955599115706762,0.955777992135821,0.981821793897316,0.975513413040778,0.978806390562349,0.9898068787527,0.950209402822414,0.965896575243127,0.968836070307023,0.95682214231108,0.985221765614488,0.980136942527745,1.00858387092316,0.756112640489548,0.634024188644263,0.761771360484151,0.721438936018562,0.936752861870796,0.925072328229025,0.928951810285115,0.961730060841184,0.97943824316946,0.977882762552853,1.00440017015749,0.961834987925508,0.953569141199635,0.929115757252896,0.925843273755792,0.918169823368338
0.938648319688044,0.956285152342482,0.951142625648385,0.948431156948655,0.998065056716701,0.998704255908457,0.969942489698296,0.987247194190659,1.00211740964916,0.973872701727176,0.999512604993145,0.970063606342284,0.967834854557182,1.02526038218301,1.01259785859399,0.995127568175952,0.684663199127408,0.597851505318878,0.6257886546945,0.605565502745412,0.982662836692874,0.977397767503168,0.990118146589935,1.00177861023202,0.990083028317452,0.987450696923451,0.999049149962826,0.998414967270465,1.01049826307997,1.03354316295941,0.989316033890183,1.02468808743378,0.956362318585428,0.946789678398332,0.976304269427807,1.02864307306584,0.728688336927988,0.810500305191335,0,0.815686219575777,0.968179351003462,0.975405403618993,0.97450392392294,0.964291911435215,0.965494719157773,0.975332408665068,0.989265466599506,0.992473534917475,0.95992389227211,1.00632521805169,0.983472305048095,0.995211860899934,1.01028665323686,1.01111387492866,0.99001990551897,0.965094075639424,0.675077377027609,0.745628706231338,0.590495344393751,0.670093954713993,0.970295464168485,0.975899531187855,0.962366165053328,0.966703699835666,0.968428749197097,1.00528955825299,0.982823832681779,0.977237079284191,0.962543810919596,0.961535688486777,0.964217525643712,0.965727686664088
0.921590170812456,0.910845259517062,0.923638783029853,0.930936778147758,0.937108289133716,0.912128283189277,0.942356151419228,0.943530438993434,0.970808022886273,0.944169845733768,0.961429176777088,0.975849263253365,0.956460096991987,0.943408546339512,0.981846244222904,0.991341794554275,0.621619832037864,0.658333955074429,0.768340248260235,0.617446915373134,0.95971803222412,0.946141631137235,0.977957798724944,0.950426915518967,0.973059560613523,0.961099678205349,0.929435213876513,0.929712946352809,0.972885035781462,0.975982355949139,0.964023931388609,0.961744550718838,0.951913376442483,0.937477289147163,0.971316404070644,0.965374651361665,0.734404004659867,0.852141971328924,0.815686219575777,0,0.970624807638338,0.96607714750918,0.932135175969837,0.943634114869231,0.987724997471754,0.965519354251813,0.981453468014423,0.958792190788489,0.971720682394044,0.964643312155946,0.944073628654346,1.01046981801945,0.971132708874872,0.994639687119427,0.979778656100934,0.98095864039562,0.648255862768973,0.801524692588846,0.830416214016495,0.649308006724486,0.95986453340212,0.935798461929856,0.950902125932949,0.969680291579021,0.992738806491355,0.978149854747264,0.997449859346305,0.951157124635258,0.986325715774978,0.959015479685133,1.00763715010486,0.990414914608028
0.97963938386438,0.97600986879395,0.957348243011637,0.98955816745082,0.970702602370001,0.959170805981783,0.972465887432843,0.952289494942594,0.979575268905987,1.01462935257468,1.05100834297967,0.986857512754433,0.967924334165219,0.965859878605426,1.00993386559698,0.995420235517084,0.965231020998181,0.963299815698226,0.943996100211913,0.979728965159168,0.794916482792292,0.748640498360295,0.757418402178349,0.711140767668466,1.00140257461674,0.990473594406442,0.958299941585623,0.938140056069613,1.00636494505052,1.01259614227661,0.965745794026325,1.01537422841946,0.96494320583008,0.972300887178137,0.947288863756601,0.978444658317664,0.943240847069529,0.977707314391121,0.968179351003462,0.970624807638338,0,0.977532876396578,0.811759268194118,0.759617903939284,0.991232621658565,1.02051425958517,0.983680923090455,0.959934933073501,0.989270181746378,0.991387557435575,0.988557141131867,1.01199157755026,0.974462785376752,0.990190215306612,0.987606826321893,0.987066782244907,0.961541589769348,0.981384009444303,0.973068102067864,0.966982943473879,0.805441846777686,0.705564743012518,0.720953988721281,0.696680021142604,1.01360822954038,1.00768263828958,1.02566716942107,1.02279729758194,0.939915790762151,0.990146592401443,0.963798664050077,0.968723483339286
0.977665588567206,0.950006723507689,0.955906950374337,0.948523937225267,0.969103109907913,0.980336790093601,0.965921382156575,0.993701722962901,0.987782767774603,0.977428114759354,0.960437709049734,0.960250655335144,1.01566308613784,0.992838327149372,1.00013587350044,1.01264092695373,0.958906049137328,0.969032661595498,0.997819669095013,0.9904586268022,0.652639108155809,0.611419442112157,0.638054089514638,0.641919227258505,0.950534486803074,0.974755255136561,0.964075458743065,0.965688072791859,1.01868130149542,0.998351794593356,0.990480277979239,0.963394406997018,1.01142643034539,1.02043505234375,1.00740160621382,0.992405497590175,0.989606390707011,0.935704675366689,0.975405403618993,0.96607714750918,0.977532876396578,0,0.706833410049229,0.728049224623989,0.986144710922594,1.01295200952052,1.00412616195244,0.958212512256557,0.964230270417683,0.989156952165718,0.955624734635123,0.969739659931399,0.977226714294848,0.997232491840329,0.990982540627313,1.01925853239876,0.955270402876846,0.962090340639672,0.991608700190701,0.959731261915054,0.69478234662394,0.643301852868893,0.630132435668977,0.664146348332341,0.984871838534694,0.990889761808792,0.962169025105803,1.00368213512986,0.958936024231393,0.959610332189621,0.982205656377538,0.999716905700835
0.972217174249751,0.953074840240884,0.970503441521586,0.967905653748332,0.93662549244442,0.958559897600161,0.995706369739784,0.977190039747009,0.951270175402737,0.963256744060888,0.943516540645582,0.938845230416751,0.978118780314187,0.943881247542919,0.968365749581765,0.99203307757543,0.94951095714086,0.944221217312729,0.963175008149842,0.937885063666727,0.704607177455362,0.601306040913516,0.675572159324681,0.727082624620847,0.964411705908626,0.958309835485219,0.942635112429718,0.962399548478516,0.982690527754108,0.993533169897047,0.954037648583632,0.981806027805485,0.966652207232513,0.979984234267496,0.958457796352696,0.948503323468119,0.955426365107448,0.954470993205709,0.97450392392294,0.932135175969837,0.811759268194118,0.706833410049229,0,0.733508113851767,0.987866562824853,0.944917622049159,0.979717845657899,0.986464280989448,0.959310949059388,0.939158468732985,0.942303106714359,0.960706140877137,0.937890840704974,0.948764280847286,0.970726547111434,0.952080683820743,0.962027324161765,0.976576845231716,1.0043416517397,0.957176982472959,0.75538042139988,0.595920877820999,0.686944749528255,0.653552794343244,0.983107789639561,0.992530009800053,0.991965390156235,0.961071352925583,0.918107713606431,0.937194507483975,0.971772292757736,0.944029316876765
0.980710475540285,0.957571310009703,0.957821793527341,0.966027050526008,0.957766749683544,0.954508420507597,0.936888536578378,0.921347378198221,0.941584339283391,0.989769726067251,0.954531235747776,0.963507912604836,0.940049522877083,0.937344076749084,0.959233261703308,0.97436489501987,0.937895180509253,0.968934337915586,0.916585533032421,0.956009565089653,0.664831708048603,0.598067579134354,0.64527587861024,0.626972869982805,0.96323002789037,0.962363435634615,0.944424655516877,0.937183057289118,0.979287902910419,0.949417294595776,0.936041920446816,0.99809149998669,0.942862286736223,0.998412382634511,0.960590783831306,0.948411532939734,0.961012920650637,0.955599115706762,0.964291911435215,0.943634114869231,0.759617903939284,0.728049224623989,0.733508113851767,0,0.945029745424992,0.945592732069497,0.953434786660996,0.920818303368297,0.942791553849685,0.974395589222979,0.947876780287492,0.960089102286649,0.943557334534075,0.941731844966055,0.966288869462496,0.952308371685231,0.939184899559243,0.961485856900868,0.977894130768735,0.945078825749818,0.741138541578311,0.589289545667608,0.515524812235763,0.721896107490346,0.996908212636819,0.954681119230153,0.955034639446242,0.929895149863492,0.962798267640474,0.970334982961695,0.992610354071563,0.98527707308888
1.01239167810101,0.944100719032222,0.984632621229243,0.986745963864325,0.957847958156568,0.953896946742774,0.953913756838672,0.968432927608053,0.963221602410054,0.958833836091573,1.00222988420472,0.961054205488694,0.95923079054788,1.01542438340408,0.956829707116976,0.969794345998876,0.984412220041008,0.98208184508421,0.952819904409822,0.96402153903823,0.964644975521884,0.9647465692207,0.957082771674027,0.943938891492435,0.981656710465072,0.951760939221785,0.978486477672118,0.955229360295379,0.984849897617135,0.955837644823392,0.968024616523935,0.945722376829762,0.999423717575451,0.9649545753088,0.936498506481137,1.00381916183936,0.997583993584305,0.955777992135821,0.965494719157773,0.987724997471754,0.991232621658565,0.986144710922594,0.987866562824853,0.945029745424992,0,0.535922810187148,0.587327453535065,0.526519420659584,0.971860340263623,0.941217082031539,1.0059099313813,0.971714464582983,0.983335910545341,0.963940436355904,0.990897269276429,0.976375830639142,0.975331424809838,0.975359780436219,0.964078894465249,0.975479751029355,0.976822888517015,0.981206383652949,0.95222765463237,0.993662358546122,0.641695171016541,0.536275864544434,0.75362965578582,0.548123822125484,0.962904727638223,0.959298148286773,0.944246814482492,0.92231181157773
0.987324466999228,0.977427697420899,1.00759467401795,1.01073633730954,0.957374172827275,0.977776901439824,0.997042326614638,0.983429191027728,0.950909041458919,0.958589442548769,0.983160007949044,0.971338317160479,0.961185056789574,1.00879997817688,0.958347631550138,0.992132981455297,0.974796774057902,0.966493775317576,0.998012256057417,0.954096114106895,0.967577910476982,1.00217850323878,0.9632783015033,0.970694153000256,0.958524861520051,0.99701983430935,1.01810668627544,0.98751690170984,0.999541886314914,0.933811290435821,0.961721298797686,0.968720699141667,0.957000489958437,0.956247391210306,0.970979202319579,0.996967865862626,1.0223540550417,0.981821793897316,0.975332408665068,0.965519354251813,1.02051425958517,1.01295200952052,0.944917622049159,0.945592732069497,0.535922810187148,0,0.600791084649189,0.596853051670412,0.959439749240409,0.960802962718777,0.996609683770229,0.945816642450388,0.963925896769851,0.941282212854353,0.986429410523001,0.937663793273011,0.977249954840704,0.954908546861279,0.987410782634925,0.967465683910962,0.966576882284282,0.968096139806157,0.986908160350795,0.98411864009475,0.601017884931119,0.455280058828857,0.507728336347003,0.498796657748587,0.995049076015295,0.977220397592342,0.975638903002532,0.942149288253407
1.00340265545606,0.960463299419011,0.997436673218199,1.00631701493118,0.987683655665552,0.960881310562619,1.00736309280084,1.00527621201363,0.992923687308163,0.979973190961511,0.971231940330176,0.960967569512432,0.97664125294048,1.01187051911336,0.986630463710612,0.994540109238706,0.989991999024245,0.96254888984143,0.992782190559448,0.990655133423163,0.959335917812962,0.9793821616616,0.967946096770493,0.940803695320606,0.963341123079425,1.00698668128922,1.01589315067529,0.988508584812287,0.982572739099283,0.956998469301739,0.9519944277235,0.974557494439057,0.958906078528944,0.981027804277042,0.952555818973059,1.01242732078104,1.0243894526238,0.975513413040778,0.989265466599506,0.981453468014423,0.983680923090455,1.00412616195244,0.979717845657899,0.953434786660996,0.587327453535065,0.600791084649189,0,0.5718853853748,0.957596366335271,0.947707607076198,0.985536709814463,0.961901822087403,0.985685204927007,0.969246800300195,0.977622533930357,0.961362680591592,1.00536995310488,1.00982899883003,0.9859422310766,1.03601935072702,0.975521240702667,0.973366035061776,0.953882071490147,0.982070007101271,0.581931895518455,0.54467664101838,0.723920024748443,0.619261099363315,1.00641414914738,0.97683600806356,0.953138349792123,0.947870175166383
0.994776319249904,0.949959591934851,0.983708172698559,0.996778259815681,0.963783860707073,0.951462052291496,0.991266357457389,0.979327747793015,0.94432469556416,0.947327277509326,0.975536904413497,0.951794237901934,0.983031105840982,0.984761673491217,0.976008030189594,0.973341046138463,0.974817282813933,0.981127933532036,0.976893425246105,0.964281218079507,0.964729988160119,0.994199874269145,0.949237778718238,0.964671746889961,0.954939354754365,0.995198322087998,0.99511997951967,0.983228982987311,0.99231875508671,0.954956759709959,0.976154824317547,0.96435443307544,0.95493897125512,0.973255720892288,0.964757625364439,1.04037650985634,0.998006567394322,0.978806390562349,0.992473534917475,0.958792190788489,0.959934933073501,0.958212512256557,0.986464280989448,0.920818303368297,0.526519420659584,0.596853051670412,0.5718853853748,0,0.946331055972001,0.932851843188603,0.969437680650929,0.942242587479493,0.970057487624522,0.935737736400158,1.01268147286469,0.975305638265629,0.961857139819217,0.970815130376025,0.980187120174679,0.960987812884145,0.950217152780904,0.962901628264331,0.921391042628636,0.964881265072024,0.66017682558879,0.48900892392067,0.69334306250556,0.557223103797376,0.980524708746334,0.988866873653334,0.972155386436014,0.948001486802303
0.962175303712724,0.970386226414436,0.988291192423276,0.993449147726159,0.942031995793715,0.910641309128705,0.96848379188857,0.970995167882076,0.623107611867888,0.61114441224574,0.541257643939665,0.624029281204302,0.975170308845958,0.972887677811472,0.992041221371892,0.977482103265543,0.912367366177377,0.912685290905799,0.958123290479372,0.938312906937632,0.954330563342836,0.956540853190112,0.962283031997125,0.963512748520366,0.950222193990976,0.968200356359875,0.943971760124507,0.981974881211469,0.696917620400229,0.672283105919794,0.523879517554621,0.768990032798539,0.974278108526194,0.971160808521201,1.00300591744973,0.966519472108227,0.961662183593378,0.9898068787527,0.95992389227211,0.971720682394044,0.989270181746378,0.964230270417683,0.959310949059388,0.942791553849685,0.971860340263623,0.959439749240409,0.957596366335271,0.946331055972001,0,0.546225245592656,0.551997975532899,0.588351192740084,0.987253013692032,0.96030554354403,0.979312263348117,0.993301502194783,0.939383621375662,0.947588657723129,0.95105355975892,0.956039096534127,0.975898267475451,0.956400649765251,0.926588216096732,0.970458563147785,0.976421655926626,0.976416146285549,0.923179400585284,0.924291071513506,1.00223238084255,0.979246777372989,1.01062596551686,0.99391773688343
0.990948472773119,0.994141160263959,1.00688859178942,0.985117130808329,0.942053740082508,0.916619281325202,0.968022531889115,0.98257882327217,0.558618432544841,0.467537629117422,0.574879917339398,0.544628635903063,0.959049388328707,0.991657401291319,0.961407880190911,0.976262902557837,0.942058469715776,0.968689513375089,0.972567463950778,0.964751380696571,0.96855766782337,0.942144540696358,0.948939477770547,0.943777367796437,0.960378215898792,0.95093307073102,0.965942256191957,0.978815979636422,0.770070227261182,0.646593556085743,0.571904294584062,0.651640570368951,0.982793728092136,0.979438727159056,1.00554909176992,0.973717861329532,0.974958815074313,0.950209402822414,1.00632521805169,0.964643312155946,0.991387557435575,0.989156952165718,0.939158468732985,0.974395589222979,0.941217082031539,0.960802962718777,0.947707607076198,0.932851843188603,0.546225245592656,0,0.589715839096067,0.648554741219642,0.969514610331176,0.95689772602716,0.985461864558299,0.963106398912224,0.955506752685859,0.937276762762419,0.981249108704081,0.941577610832103,0.998140165876472,0.943887479521535,0.944246876218416,0.976595734919551,0.958661666613798,0.936609465394575,0.962079867545735,0.944456867474481,1.00762466074961,0.990902602822747,0.994678613649233,0.991609571362642
0.961443613809311,0.963722624673649,0.963884029550376,0.982724328768538,0.925451508095272,0.902384103582907,0.95609042479546,0.958615844911921,0.601905178841427,0.545325233940185,0.445349674864208,0.53996189796353,0.970145193524783,0.952064054931306,0.983441799720854,0.983865628113135,0.941187051556337,0.917658659295117,0.93156584382537,0.938705253725465,0.98054570600984,0.958487303298677,0.96271983642956,0.986001638647288,0.934885380143044,0.954877430510704,0.902452751207174,0.961108980937956,0.694796917460961,0.736690901296893,0.567263809892683,0.766811792090027,0.987749639435945,0.970004815996533,0.972673866428731,0.990285500186739,0.961016539603022,0.965896575243127,0.983472305048095,0.944073628654346,0.988557141131867,0.955624734635123,0.942303106714359,0.947876780287492,1.0059099313813,0.996609683770229,0.985536709814463,0.969437680650929,0.551997975532899,0.589715839096067,0,0.627257902617095,0.959031096403759,0.981389107107739,0.964470433919913,0.980110171966961,0.966535810919338,0.940173720676102,0.964518113636993,0.932694659849625,1.01747484878244,0.974844417492195,0.960540194795954,0.98109101103613,1.00445465655346,0.995841134973008,0.991512464562693,0.970425013736094,0.989552590810107,0.970129136465681,1.02580963083582,0.988292888680366
0.948520091580262,0.937248939161097,0.953291504496049,0.94395807126462,0.943044462297159,0.947075573263079,0.933551524538668,0.942217676765147,0.679367083124503,0.64209495046641,0.659490384475089,0.676666505294098,0.976136568492802,0.96232888722753,0.934962896354549,0.951441688204635,0.97350272092849,0.990085147952948,0.986458267437359,1.01169581358689,0.942767138122924,0.974933041159765,0.948682883999544,0.964539432537012,0.945891253862375,0.983019375002054,0.92130473704468,0.981978304311759,0.74481269409616,0.666719360103181,0.540162938114164,0.788277800099976,0.989337218841475,1.02007300979822,0.986723028769863,0.973002347236445,0.98292378813294,0.968836070307023,0.995211860899934,1.01046981801945,1.01199157755026,0.969739659931399,0.960706140877137,0.960089102286649,0.971714464582983,0.945816642450388,0.961901822087403,0.942242587479493,0.588351192740084,0.648554741219642,0.627257902617095,0,0.944084454052824,0.94811418781812,0.984306997109925,0.928569916854647,0.980495334922116,0.95248532169531,0.949115879495978,0.948171215802692,0.989965932784334,0.958639738384585,0.957383274523639,0.97361187745838,0.978205934310609,0.965930706991071,0.929410475735858,0.950381429805984,0.986470789371027,0.990287516146638,0.993098528103082,1.00778576074992
0.934368097141627,0.929230621352683,0.942573892073996,0.950013823089446,0.939115282796833,0.923643199340591,0.941922193207196,0.923353497224323,0.961633310528654,0.976297761600032,0.999967168485929,0.961909127550853,0.585546060954037,0.681622420031925,0.424796670822179,0.50324834941651,0.934395078998293,0.975146169688177,0.971963246685789,0.982807352713171,0.947682776221725,0.93687938898079,0.952958170959502,0.934856117639047,0.969994497678975,0.972882459583478,0.942148760292454,0.943811912257719,0.962293698871592,0.959258357367823,0.970664890823091,0.979257101485983,0.608247734539525,0.65607820159294,0.560088743337837,0.514527592657504,0.94533357753886,0.95682214231108,1.01028665323686,0.971132708874872,0.974462785376752,0.977226714294848,0.937890840704974,0.943557334534075,0.983335910545341,0.963925896769851,0.985685204927007,0.970057487624522,0.987253013692032,0.969514610331176,0.959031096403759,0.944084454052824,0,0.511698678155019,0.670258313357067,0.483628718500117,0.953270035646357,0.97006545459655,0.977834923656599,0.980434426563967,0.964877011975956,0.92717700272374,0.953656789022743,0.970389874599362,0.993407013293947,0.978621773707874,0.994941122526476,0.946998165506566,0.997145611388993,0.981620685441568,0.987030089107748,0.978849758970982
0.940299177005498,0.94983062356383,0.944303837637727,0.947327856379561,0.921558396093027,0.932156315150844,0.943107884201484,0.907151042779192,0.961233774546538,0.98526324257481,0.979604946213102,0.973201775080015,0.5984601338952,0.648740912597678,0.501628864071664,0.499966898883151,0.934439725884538,0.979855556756466,0.97674857958312,0.987411399873695,0.937074026511355,0.948257377937663,0.969233767649448,0.976537801713966,0.959029610868213,0.971547451419689,0.922066967635794,0.966990223114284,0.977711859278033,0.965845157625874,0.975709171857889,0.966540319360395,0.670851545927025,0.671502292475533,0.645210782876849,0.677317827134693,0.953956910152944,0.985221765614488,1.01111387492866,0.994639687119427,0.990190215306612,0.997232491840329,0.948764280847286,0.941731844966055,0.963940436355904,0.941282212854353,0.969246800300195,0.935737736400158,0.96030554354403,0.95689772602716,0.981389107107739,0.94811418781812,0.511698678155019,0,0.573697235627419,0.513135238785756,0.953204362608699,0.964953863471724,0.965623080399713,1.00342925567843,0.953191383312125,0.962601775912663,0.946753020178841,0.940845288291835,0.987618431705443,0.96521791367263,0.953151625681728,0.926806221138575,0.989719568783682,0.969278972585422,0.967706919822134,0.963079906378686
0.902005191198129,0.951728474526548,0.937855225636078,0.95030421977271,0.930218594500724,0.939278643308186,0.939020017516092,0.932893022062964,0.927935047490088,0.998871168991814,0.966876357953884,0.977451661790061,0.614111044174906,0.635954069952264,0.636101495183289,0.57210312862427,0.943143728342896,0.965522672029915,0.935192889521094,0.950632798324955,0.970833452482712,0.935743056509651,0.956045122803522,0.954184069381907,0.959790077416401,0.94796169272662,0.948268738856902,0.955618933339354,1.0013611856706,0.949960462477402,0.980923812127627,0.968751147877334,0.700903071709032,0.715400760390869,0.81369568875073,0.684259133553862,0.967709666078139,0.980136942527745,0.99001990551897,0.979778656100934,0.987606826321893,0.990982540627313,0.970726547111434,0.966288869462496,0.990897269276429,0.986429410523001,0.977622533930357,1.01268147286469,0.979312263348117,0.985461864558299,0.964470433919913,0.984306997109925,0.670258313357067,0.573697235627419,0,0.661178636380555,0.952647043573988,0.963472219253774,0.958467618872653,0.968325243271587,0.962242303890219,0.958565322197649,0.956728446812334,0.958766131035514,1.03065642489422,1.01486789686304,1.02647531279694,0.990352467845675,1.01661749020734,0.984303388437945,0.987465915779637,0.966689360975501
0.937420373090809,0.950998295670715,0.963645485468944,0.942419651798058,0.93126925046689,0.943225161097003,0.933839042223107,0.943679982227997,0.99095373077552,0.992085568057874,0.989930554802028,0.995752887220427,0.554809275954088,0.77958401056103,0.437072191764563,0.509050988768805,0.9615033379413,0.960115573435846,0.9390721803987,0.976489359038682,0.977005792353644,0.947106132413547,0.940821170090358,0.970921942065222,0.941861727508751,0.967331654156341,0.942610219389583,0.976521640284103,1.00548314642901,0.970065009239628,0.989680286468422,0.969243038461731,0.663347707896232,0.645722352052139,0.654747813641631,0.55569631400774,0.945429341993969,1.00858387092316,0.965094075639424,0.98095864039562,0.987066782244907,1.01925853239876,0.952080683820743,0.952308371685231,0.976375830639142,0.937663793273011,0.961362680591592,0.975305638265629,0.993301502194783,0.963106398912224,0.980110171966961,0.928569916854647,0.483628718500117,0.513135238785756,0.661178636380555,0,0.94560081552932,0.963655019007033,0.956452500024662,0.952144028629113,0.973042253250661,0.963892687194097,0.942386145604761,0.976602833868254,0.991850125299291,0.972768091598899,0.970318332065483,0.929987512081687,0.983473165372484,0.967026369153976,0.938656330685892,0.960408121356325
0.951048491576206,0.932076468415042,0.965262632106054,0.968522426442157,0.976217453564365,0.94887424941195,0.942323678955715,0.95835923387345,0.959144963551101,0.971158092362073,0.943628644413015,0.978621932488153,0.947375787177209,0.958000546021664,0.984775100709355,0.948542983468002,0.554521371845107,0.592790304141723,0.560007986293039,0.672043640238678,0.956278726289997,0.943274656650157,0.977755778477265,0.932646226143098,1.02057011928036,0.997686483882213,0.946862943533945,0.968744370262995,0.943115544858597,0.966309357565687,0.971273835763805,0.979187804396829,0.961084071758969,0.937230576374631,0.968925512955212,0.955572482195823,0.568772495539246,0.756112640489548,0.675077377027609,0.648255862768973,0.961541589769348,0.955270402876846,0.962027324161765,0.939184899559243,0.975331424809838,0.977249954840704,1.00536995310488,0.961857139819217,0.939383621375662,0.955506752685859,0.966535810919338,0.980495334922116,0.953270035646357,0.953204362608699,0.952647043573988,0.94560081552932,0,0.667885310898851,0.625343331628282,0.599117087915094,0.977095459145196,0.939458630519046,0.942327141786144,0.96504009862141,0.986904619604518,0.982532681098229,0.954365534872361,0.957174977387123,0.94843387015708,0.967062205255395,0.980962330008661,0.968593101216271
0.973048844662885,0.971144923097136,0.992700852835497,0.983424620146045,0.92307469289655,0.941754417694634,0.973928508361274,0.961454120711023,0.982660210004042,0.943156643724007,0.954383118380975,0.969727530388762,0.962127430116211,0.970442358386609,0.980422428102671,1.00568023163948,0.7814632693594,0.616945308573771,0.677342267709932,0.673013388232356,0.981229819671048,0.945853388221652,0.992146584067312,0.976836319500856,0.943967127563253,0.988500186866099,0.95906943087581,0.977542474784667,0.955113150090045,0.973428211453593,0.960662742886599,0.994884095094969,0.969839309604939,0.957192020478644,0.941675539551231,0.977062776848978,0.651610995744561,0.634024188644263,0.745628706231338,0.801524692588846,0.981384009444303,0.962090340639672,0.976576845231716,0.961485856900868,0.975359780436219,0.954908546861279,1.00982899883003,0.970815130376025,0.947588657723129,0.937276762762419,0.940173720676102,0.95248532169531,0.97006545459655,0.964953863471724,0.963472219253774,0.963655019007033,0.667885310898851,0,0.648303274389355,0.67856663610606,0.973340320856064,0.974747813850815,0.940738810925517,0.986364315266212,0.965553036264013,0.947846915952856,0.965545181615407,0.960797566585619,0.94541013093972,0.942628678457883,0.958088259884033,0.947536405523716
0.957275464372622,0.973988971790308,0.99011806126953,0.969572054656263,0.94983090532883,0.948645266439444,0.940260722609245,0.951176488495076,0.986290466325495,0.969374662592012,0.98461113430056,1.00042373656153,0.94969132824752,1.00897896031763,0.979786556354078,0.965125415896973,0.634988328642574,0.605710165592777,0.596496644819334,0.605953079851845,0.953835335907937,0.983356776761167,1.00061968422372,0.974382761253118,0.999967058162919,0.974211509587542,0.94764866694628,0.97319099495785,0.983818658257699,0.997257763058794,0.9844808500257,0.990231570765448,0.963279916869795,0.965073908987399,0.948887768393487,0.992788670808236,0.698918736079412,0.761771360484151,0.590495344393751,0.830416214016495,0.973068102067864,0.991608700190701,1.0043416517397,0.977894130768735,0.964078894465249,0.987410782634925,0.9859422310766,0.980187120174679,0.95105355975892,0.981249108704081,0.964518113636993,0.949115879495978,0.977834923656599,0.965623080399713,0.958467618872653,0.956452500024662,0.625343331628282,0.648303274389355,0,0.691751375044981,0.990765039084762,0.978514572455697,0.980330664660072,0.96169622705673,0.970962301453178,0.988880916338315,0.955485751506768,0.986120620104805,0.974783606914333,1.00471345619513,0.974802642696986,0.972645542261397
0.884146756539504,0.88115524029927,0.898238301708426,0.881319329074831,0.906422643025637,0.904401175460321,0.917098886880433,0.896928100443136,0.945615159465896,0.928281836912487,0.937532386634128,0.959006515689087,0.940464512587799,0.96255613580785,0.960091342088413,0.948439685782053,0.656368974763946,0.747906691278944,0.585323399988345,0.653318829877819,0.972063980065182,0.927654619917864,0.980861185890221,0.962392257664931,0.983541772195888,0.951541913425779,0.922484309128627,0.950391181628041,0.946555638948336,0.938050304489265,0.956504307121696,0.979309709818493,0.94515395851389,0.975335929356045,0.973496673924342,0.979515700072543,0.620823320897747,0.721438936018562,0.670093954713993,0.649308006724486,0.966982943473879,0.959731261915054,0.957176982472959,0.945078825749818,0.975479751029355,0.967465683910962,1.03601935072702,0.960987812884145,0.956039096534127,0.941577610832103,0.932694659849625,0.948171215802692,0.980434426563967,1.00342925567843,0.968325243271587,0.952144028629113,0.599117087915094,0.67856663610606,0.691751375044981,0,0.98098044237379,0.933733059158511,0.957127846340453,0.942519716091421,0.975204514354595,0.954253575710877,0.982685719704924,0.96171535733414,0.958111321802468,1.00087461619739,0.980903232531502,0.977273482898921
0.958667821249579,0.948277645599721,0.967800107338838,0.946322851955705,0.987779371079488,0.993720858383338,0.96873485638584,0.966302467548572,0.969344118167979,1.00015049962199,1.00087379821243,0.972310753423393,0.970259991905917,0.973763373731249,0.966724041080663,0.971780676644552,0.985331596056534,0.98720653953772,0.977093628759943,0.999727749079314,0.687242413492303,0.668697928027454,0.67010645588229,0.681500243400567,0.991701126175841,0.994699328481329,0.955149332083268,0.952130131489175,1.01864551907104,0.971434398144233,0.985442123564795,0.985036440897725,0.957469151569526,0.978490358915576,0.986127754127135,0.930612062320276,0.977214985316698,0.936752861870796,0.970295464168485,0.95986453340212,0.805441846777686,0.69478234662394,0.75538042139988,0.741138541578311,0.976822888517015,0.966576882284282,0.975521240702667,0.950217152780904,0.975898267475451,0.998140165876472,1.01747484878244,0.989965932784334,0.964877011975956,0.953191383312125,0.962242303890219,0.973042253250661,0.977095459145196,0.973340320856064,0.990765039084762,0.98098044237379,0,0.590225294132252,0.671308099852846,0.755092757768327,0.987071914101987,0.95427340434222,0.963270523293448,0.994717943834437,1.01208869661652,0.977884705906721,0.97304456675085,0.990174105342952
0.921985267231221,0.947059698476431,0.942000529362659,0.93806884851913,0.913441507708285,0.926518842830186,0.933931327950549,0.927001708902719,0.952680817349139,0.980524678516079,0.966760318524891,0.96872722074631,0.957464888586108,0.969884369697606,0.966700945186038,0.980005785299228,0.953276289593875,0.969393901300383,0.947017042679886,0.973721856880017,0.519225581353892,0.546290448546444,0.51028107099763,0.576145324667072,0.965357044236638,0.950238740768756,0.89979758685865,0.930833509656402,1.00797190344953,0.977483766334133,0.945196006247489,0.99341240925567,0.954486678110431,0.964298625480364,0.9664769329095,0.938960924252254,0.954266825985111,0.925072328229025,0.975899531187855,0.935798461929856,0.705564743012518,0.643301852868893,0.595920877820999,0.589289545667608,0.981206383652949,0.968096139806157,0.973366035061776,0.962901628264331,0.956400649765251,0.943887479521535,0.974844417492195,0.958639738384585,0.92717700272374,0.962601775912663,0.958565322197649,0.963892687194097,0.939458630519046,0.974747813850815,0.978514572455697,0.933733059158511,0.590225294132252,0,0.512351508830465,0.609757038385529,0.985518638747257,0.969813846704806,0.973625762404182,0.973264297931278,0.942967573450736,0.968149753374693,1.00088691890012,0.946386531357619
0.968889021762091,0.936673502889556,0.946857127714069,0.919141270013637,0.93636233661296,0.928006246367821,0.953967240425997,0.92241428133134,0.937990634220562,0.960457513180006,0.968634667494963,0.956452043352142,0.943028534373339,0.954613847498059,0.955246063679187,0.955146278167581,0.975298038431612,0.967957968813416,0.938858564050065,0.942791770121171,0.596640198688669,0.506033299947572,0.610137613996485,0.605494219973594,0.96257929829575,0.965474404880121,0.948193072462511,0.94181815592344,0.959454018648027,0.984001843112466,0.92285739554714,0.95499831727742,0.983688702079297,0.974437249637188,0.955230221182402,0.933047626698704,0.92787884523156,0.928951810285115,0.962366165053328,0.950902125932949,0.720953988721281,0.630132435668977,0.686944749528255,0.515524812235763,0.95222765463237,0.986908160350795,0.953882071490147,0.921391042628636,0.926588216096732,0.944246876218416,0.960540194795954,0.957383274523639,0.953656789022743,0.946753020178841,0.956728446812334,0.942386145604761,0.942327141786144,0.940738810925517,0.980330664660072,0.957127846340453,0.671308099852846,0.512351508830465,0,0.589208567554457,0.98438905047151,0.962369783380843,0.928844704661061,0.926525786802645,0.930670547249791,0.960611494788242,0.984144740409613,0.947392652974769
0.920332382361721,0.933962406040374,0.928474833368793,0.921005196562517,0.967142621017192,0.963588344692889,0.967680020109754,0.943648432449673,0.952519354004398,0.971464994911835,0.977398076962802,0.985919692274147,0.965546182610225,0.93468047721149,0.967299822046024,0.995456605230692,0.948718334107441,0.971562549923417,0.966561688747063,0.96819704207199,0.581602238424317,0.576370945661999,0.634383953655049,0.688812041533336,0.984932701063303,1.0000067015295,0.950268345353851,0.95508555723385,0.968527030086043,0.985913425132144,0.9676339927573,0.994127939631997,0.947077623200774,0.955210969861206,0.976248928075453,0.969244256932231,0.927067748948028,0.961730060841184,0.966703699835666,0.969680291579021,0.696680021142604,0.664146348332341,0.653552794343244,0.721896107490346,0.993662358546122,0.98411864009475,0.982070007101271,0.964881265072024,0.970458563147785,0.976595734919551,0.98109101103613,0.97361187745838,0.970389874599362,0.940845288291835,0.958766131035514,0.976602833868254,0.96504009862141,0.986364315266212,0.96169622705673,0.942519716091421,0.755092757768327,0.609757038385529,0.589208567554457,0,1.00446058962794,0.993953513187984,0.989653113219899,0.975891724011117,0.959333277683869,0.982173680484481,0.999383369790249,0.97697644240141
1.02058933359981,0.951737984589358,0.969449572181138,0.963667135704951,0.963404048778514,0.973901749774119,0.998322761717458,1.00602608293935,0.979506368728202,0.951181785120166,0.999397167891776,0.977340626916324,0.981553829397221,1.03124980130672,0.992718777464,1.01013143410182,0.988460481686904,0.975559691154522,0.982849760943906,0.947867276038548,0.976893954922576,1.01728768431817,0.977932418526826,0.984751153328517,0.939209682377094,0.988172136199679,1.00315201974787,0.983953460508133,0.962692525578852,0.983193742644731,0.991556933679025,0.970341616550164,0.986557061432332,0.996164352949618,0.987883176826436,1.03307952518209,1.03308226355403,0.97943824316946,0.968428749197097,0.992738806491355,1.01360822954038,0.984871838534694,0.983107789639561,0.996908212636819,0.641695171016541,0.601017884931119,0.581931895518455,0.66017682558879,0.976421655926626,0.958661666613798,1.00445465655346,0.978205934310609,0.993407013293947,0.987618431705443,1.03065642489422,0.991850125299291,0.986904619604518,0.965553036264013,0.970962301453178,0.975204514354595,0.987071914101987,0.985518638747257,0.98438905047151,1.00446058962794,0,0.462108753607411,0.690391594637094,0.518419914454635,0.976532769966154,0.98146977290356,0.965799452654812,0.967555691066194
0.982765501251199,0.962430184337246,0.985504038756345,0.99017113736188,0.935311061568889,0.952927161405101,0.982958319144056,0.975002703453971,0.979012653962892,0.980030491982089,0.998764670121102,0.989282134247173,0.967237388712664,1.01239803673899,0.968575648552475,0.97959058338477,0.963467320689927,0.969736978070843,1.00414729022336,0.980913440173683,0.970159243068356,0.991681601695396,0.946954102412523,0.986911389275924,0.950743572870086,1.00495495608223,0.976158262882142,0.979344821184342,1.00531946409793,0.983048922798966,0.96601942538513,0.983682454908754,0.962347496295568,0.973737900966019,0.973038586544795,1.01554857009115,1.01323019428014,0.977882762552853,1.00528955825299,0.978149854747264,1.00768263828958,0.990889761808792,0.992530009800053,0.954681119230153,0.536275864544434,0.455280058828857,0.54467664101838,0.48900892392067,0.976416146285549,0.936609465394575,0.995841134973008,0.965930706991071,0.978621773707874,0.96521791367263,1.01486789686304,0.972768091598899,0.982532681098229,0.947846915952856,0.988880916338315,0.954253575710877,0.95427340434222,0.969813846704806,0.962369783380843,0.993953513187984,0.462108753607411,0,0.564506258944324,0.510337509320697,0.978699426598347,1.00382557618698,0.971752536355741,0.936589962418659
0.984453537473688,0.982690880799329,0.998292780075607,0.97255340879285,0.946161313713135,0.958852230536335,1.00366647422673,0.987471994290625,0.950699588918448,0.948173532664609,0.956316853416658,1.00167734269484,0.96470237518919,1.00432500202565,0.974964584853845,1.01946092331941,0.953572511269321,0.987531226318843,0.997306313032624,0.970722743459846,0.935162422656403,0.995168919117965,0.967539341326909,0.946813007806129,0.972147406593539,1.0081503148787,1.00000309099303,1.01775873102489,0.971375649587072,0.96294917375144,0.965904596893191,0.983079422408983,0.990756921546479,0.984458429786052,0.988786248958286,1.00638070260477,0.990915717880147,1.00440017015749,0.982823832681779,0.997449859346305,1.02566716942107,0.962169025105803,0.991965390156235,0.955034639446242,0.75362965578582,0.507728336347003,0.723920024748443,0.69334306250556,0.923179400585284,0.962079867545735,0.991512464562693,0.929410475735858,0.994941122526476,0.953151625681728,1.02647531279694,0.970318332065483,0.954365534872361,0.965545181615407,0.955485751506768,0.982685719704924,0.963270523293448,0.973625762404182,0.928844704661061,0.989653113219899,0.690391594637094,0.564506258944324,0,0.676184739326687,0.989963664020967,0.998606962935575,0.971431339914942,0.953286959156374
0.986384187359141,0.953830285240117,0.966412139562452,0.93086908914449,0.933369068783078,0.939390340587578,0.986881218631228,0.945026518328234,0.949024709820439,0.926769126085619,0.969491528845028,0.992619125029741,0.943550414318603,1.01350622788764,0.946397546254847,0.986780971655489,0.962373989154258,0.940825421678565,0.960130175601525,0.926061054363994,0.949493086507739,1.00787314771768,0.974379286849118,0.96141324553517,0.950069992983137,0.984865331261983,0.981574458552611,0.987929361516606,0.959866491888591,0.945753318879839,0.959731633824944,0.986292166211004,0.949708066285118,0.963286107474681,0.94003597355713,0.981745143065565,1.00739577211601,0.961834987925508,0.977237079284191,0.951157124635258,1.02279729758194,1.00368213512986,0.961071352925583,0.929895149863492,0.548123822125484,0.498796657748587,0.619261099363315,0.557223103797376,0.924291071513506,0.944456867474481,0.970425013736094,0.950381429805984,0.946998165506566,0.926806221138575,0.990352467845675,0.929987512081687,0.957174977387123,0.960797566585619,0.986120620104805,0.96171535733414,0.994717943834437,0.973264297931278,0.926525786802645,0.975891724011117,0.518419914454635,0.510337509320697,0.676184739326687,0,0.949410817911718,0.938708154717322,0.945178994419455,0.899097485267698
0.981614026153884,0.937592454459181,0.926189921415214,0.954563374496233,0.958099729658622,0.975524130731287,0.975974600516715,0.96015546162324,1.02563222954914,0.984388036736316,0.96645081002395,0.974888047800018,0.984459688124114,0.993375750042998,0.996598547224967,1.02758059288853,0.989011762922126,0.954619420697681,0.93672049185995,0.93436246921238,0.964134504132987,0.923852779999413,0.959363999428568,0.960108092170613,0.963850262604572,0.97115839703352,0.967735701656744,0.978525231574356,0.989060061481783,1.0245892455116,0.964260538197758,1.01684985924714,1.02618104495059,1.02039749471111,1.00074868853351,0.968345314683675,0.978091041399522,0.953569141199635,0.962543810919596,0.986325715774978,0.939915790762151,0.958936024231393,0.918107713606431,0.962798267640474,0.962904727638223,0.995049076015295,1.00641414914738,0.980524708746334,1.00223238084255,1.00762466074961,0.989552590810107,0.986470789371027,0.997145611388993,0.989719568783682,1.01661749020734,0.983473165372484,0.94843387015708,0.94541013093972,0.974783606914333,0.958111321802468,1.01208869661652,0.942967573450736,0.930670547249791,0.959333277683869,0.976532769966154,0.978699426598347,0.989963664020967,0.949410817911718,0,0.585836286578767,0.589499768424751,0.330703223211889
1.01533123295766,0.985883138685169,1.00965765315522,1.01821646090174,0.960524732329207,0.987718632310304,0.973345311208805,0.988576676619394,1.00863438342948,0.965255062834329,0.951775215467399,0.969294463077464,0.962437706833759,0.981605818004425,0.988964351741478,1.0006384296817,1.00826534432481,0.967524209092682,0.968562910497783,0.940896807810089,0.999173001052237,0.938320898331341,1.00069455537582,0.972523974636293,0.93526254517638,0.993941763753527,0.970349294644718,0.994947878115364,0.995333251979663,0.993744970292969,0.953774988500521,0.977087017565071,0.996518730539313,0.976481704808045,0.950461201337361,0.979501249986906,0.971963441452814,0.929115757252896,0.961535688486777,0.959015479685133,0.990146592401443,0.959610332189621,0.937194507483975,0.970334982961695,0.959298148286773,0.977220397592342,0.97683600806356,0.988866873653334,0.979246777372989,0.990902602822747,0.970129136465681,0.990287516146638,0.981620685441568,0.969278972585422,0.984303388437945,0.967026369153976,0.967062205255395,0.942628678457883,1.00471345619513,1.00087461619739,0.977884705906721,0.968149753374693,0.960611494788242,0.982173680484481,0.98146977290356,1.00382557618698,0.998606962935575,0.938708154717322,0.585836286578767,0,0.419238836443645,0.409620439995812
1.04893096066267,1.01507938307768,1.01373092097837,1.00340644250039,1.01364166942431,1.0014899449969,1.01028624060297,1.00432121975395,1.02376476160159,0.984408777206524,0.993939056455465,0.977331981143065,0.962982599602909,1.01394269256344,0.977697200501626,0.997198352395114,1.01243004155152,0.987336509834538,0.982164488963617,0.952997260594207,1.02296136081221,0.95439683765512,0.989223251004665,0.974143198899879,0.962544231699795,1.01992775294904,0.985174372354288,1.0199985905165,0.992624044294921,1.00648003903819,0.996088503007487,0.995619119464207,0.973046696054964,0.990686166652515,0.979061597879314,0.950617675846541,1.00260302263199,0.925843273755792,0.964217525643712,1.00763715010486,0.963798664050077,0.982205656377538,0.971772292757736,0.992610354071563,0.944246814482492,0.975638903002532,0.953138349792123,0.972155386436014,1.01062596551686,0.994678613649233,1.02580963083582,0.993098528103082,0.987030089107748,0.967706919822134,0.987465915779637,0.938656330685892,0.980962330008661,0.958088259884033,0.974802642696986,0.980903232531502,0.97304456675085,1.00088691890012,0.984144740409613,0.999383369790249,0.965799452654812,0.971752536355741,0.971431339914942,0.945178994419455,0.589499768424751,0.419238836443645,0,0.433498808737231
1.00295055174199,0.977486008368236,0.999738422077906,1.0061148397305,0.962168244520979,0.978563424641248,0.978710472496299,0.962712375194306,1.03160852467445,0.965781230336371,0.947254879118296,0.996321984967575,0.967072644676189,0.964005455868835,0.983468099434427,0.994595223860146,0.99447572070471,0.981115175157813,0.946224688422995,0.955621840871251,0.960357996186529,0.921512639929829,0.969443108834897,0.950217379680945,0.983164767282701,1.00584769219038,0.958354978379945,0.982584901731554,0.994257384665646,1.0133914014514,0.970766676486262,0.993855290575421,0.993057018249889,0.9853773201693,0.965783049804727,0.970482945880505,0.972432932867791,0.918169823368338,0.965727686664088,0.990414914608028,0.968723483339286,0.999716905700835,0.944029316876765,0.98527707308888,0.92231181157773,0.942149288253407,0.947870175166383,0.948001486802303,0.99391773688343,0.991609571362642,0.988292888680366,1.00778576074992,0.978849758970982,0.963079906378686,0.966689360975501,0.960408121356325,0.968593101216271,0.947536405523716,0.972645542261397,0.977273482898921,0.990174105342952,0.946386531357619,0.947392652974769,0.97697644240141,0.967555691066194,0.936589962418659,0.953286959156374,0.899097485267698,0.330703223211889,0.409620439995812,0.433498808737231,0
